novel,name,description,importance
《散花女侠》,于承珠,“散花女侠”，于谦之女，张丹枫之徒。,main
《散花女侠》,铁镜心,石惊涛的大徒弟。,main
《散花女侠》,叶成林,叶宗留之侄，于承珠的师兄。,main
《散花女侠》,张丹枫,“天下第一剑客”，“四大剑客”之首，于承珠之师。,main
《散花女侠》,小虎子,张风府之子，张丹枫之徒。,main
《散花女侠》,张风府,“京师第一高手”，原御林军统领，锦衣卫总指挥。,other
《散花女侠》,于谦,阁部尚书，于承珠之父。,other
《散花女侠》,贯居,两湖盐运使，贯仲之子。,other
《散花女侠》,樊英,“宣花斧”，樊忠之侄，樊俊之子。,other
《散花女侠》,玄机逸士,于承珠的太祖师。,other
《散花女侠》,潮音和尚,玄机逸士二弟子,other
《散花女侠》,谢天华,玄机逸士的弟子，张丹枫之师。,other
《散花女侠》,叶盈盈,“飞天龙女”，玄机逸士的弟子，云蕾之师，谢天华之妻。,other
《散花女侠》,云蕾,“散花女侠”，张丹枫之妻。,other
《散花女侠》,云重,武状元，云蕾之兄，董岳之徒。,other
《散花女侠》,澹台镜明,云重之妻。,other
《散花女侠》,萧韵兰,上官天野的好友。,other
《散花女侠》,上官天野,乌蒙夫之师。,other
《散花女侠》,澹台灭明,上官天野大弟子，张丹枫的家将。,other
《散花女侠》,乌蒙夫,“四大剑客”之一，上官天野二弟子。,other
《散花女侠》,林仙韵,“金钩仙子”，乌蒙夫之妻。,other
《散花女侠》,武振东,“小金龙”，曾为独脚大盗，现武庄庄主。,other
《散花女侠》,周山民,金刀寨主。,other
《散花女侠》,石翠凤,周山民之妻。,other
《散花女侠》,毕愿穷,丐帮副帮主，毕擎天之侄。,other
《散花女侠》,玄瑛道长,山东上清观观主。,other
《散花女侠》,曹安,内庭侍读太监。,other
《散花女侠》,黑摩诃,印度人，白摩诃的孪生兄弟，张丹枫至交。,other
《散花女侠》,白摩诃,印度人，黑摩诃的孪生兄弟，张丹枫至交。,other
《散花女侠》,阿萨玛,阿拉伯人，伊朗国师，阿合玛的孪生兄长。,other
《散花女侠》,阿合玛,阿拉伯人，伊朗国师，阿萨玛的孪生弟弟。,other
《散花女侠》,薛老三,西洞庭山居民。,other
《散花女侠》,郭成泰,山东省的独脚大盗。,other
《散花女侠》,孟长生,郭成泰之徒。,other
《散花女侠》,了缘,莆田少林寺弟子。,other
《散花女侠》,叶宗留,台州抗倭义军统领。,other
《散花女侠》,邓茂七,台州抗倭义军副统领。,other
《散花女侠》,张黑,长江边上的舟子，义军联络员。,other
《散花女侠》,黄大庆,台州守备。,other
《散花女侠》,铁鈜,原台州御使，铁镜心之父。,other
《散花女侠》,石文纨,石惊涛之女。,other
《散花女侠》,石惊涛,“四大剑客”之一，铁镜心之师。,other
《散花女侠》,成海山,石惊涛之徒。,other
《散花女侠》,郑赶驴,义军头目。,other
《散花女侠》,王安,台州团练，铁镜心家人。,other
《散花女侠》,段澄苍,白族人，“波斯剑术第一高手”，波斯驸马。,other
《散花女侠》,沐琮,黔国公，平南将军。,other
《散花女侠》,沐燕,沐琮之女，沐璘之姐。,other
《散花女侠》,沐璘,沐琮之子，沐燕之弟，张丹枫记名弟子。,other
《散花女侠》,杜金娥,白族人，沐燕的丫鬟。,other
《散花女侠》,银桂,沐燕的丫鬟。,other
《散花女侠》,方地刚,滇南第一勇士。,other
《散花女侠》,杜焜,独脚大盗，石林匪党大头目。,other
《散花女侠》,朗英,彝人，石林匪党副头领。,other
《散花女侠》,段澄平,知平章事，段澄苍的堂兄。,other
《散花女侠》,段珠儿,段澄平之女。,other
《散花女侠》,韩振羽,“金针圣手”，振远镖局的镖头。,other
《散花女侠》,凌云凤,原名凌慕华，江西芙蓉山女寨主，霍天都的表妹。,other
《散花女侠》,霍天都,霍行仲之子，天山派的开山宗主。,other
《散花女侠》,哈木图,“大漠神狼”，塞外魔头。,other
《散花女侠》,张骥,浙江巡抚，铁鈜的学生。,other
《散花女侠》,郑国有,丐帮长老，八袋弟子。,other
《散花女侠》,叶元章,“西山医隐”。,other
《散花女侠》,龙腾,飞龙镖局的镖头。,other
《散花女侠》,朱见深,祈镇的太子。,other
《散花女侠》,周谷隐,“八臂哪吒”，“八达山人”，霍行仲的八拜之交。,other
《散花女侠》,三、反派人物,,other
《散花女侠》,祈镇,明英宗。,other
《散花女侠》,战三山,锦衣卫总指挥。,other
《散花女侠》,闻铁声,御林军统领。,other
《散花女侠》,陆展鹏,“江淮二霸”之一，大内侍卫，康超海的师弟。,other
《散花女侠》,童家骏,“江淮二霸”之一。,other
《散花女侠》,东方洛,御林军副统领。,other
《散花女侠》,阳宗海,“四大剑客”之一，大内总管，赤城子的三弟子。,other
《散花女侠》,毕擎天,毕道凡之子，西北丐帮帮主，北五省大龙头。,other
《散花女侠》,钱通海,“钱百万”，曾为独脚大盗，后洗手经商。,other
《散花女侠》,杨千斤,大内一级侍卫。,other
《散花女侠》,金万两,大内一级侍卫。,other
《散花女侠》,李涵真,阳宗海副手，太极高手。,other
《散花女侠》,娄桐荪,御林军统领，战三山的师兄。,other
《散花女侠》,石鸿博,晋北武学大师，娄桐荪、战三山之师。,other
《散花女侠》,褚玄,三品带刀侍卫。,other
《散花女侠》,高桥,日本市泊使。,other
《散花女侠》,漱越,日本六段剑客。,other
《散花女侠》,大卫门,日本七段剑客。,other
《散花女侠》,板田荣男,日本七段剑客。,other
《散花女侠》,江口,日本七段剑客。,other
《散花女侠》,近卫三郎,日本七段剑客。,other
《散花女侠》,小昭,日本七段剑客。,other
《散花女侠》,石井太郎,日本八段剑客。,other
《散花女侠》,芥川龙木,日本八段剑客。,other
《散花女侠》,长谷川,日本九段剑客。,other
《散花女侠》,蒙元子,赤城子的二弟子。,other
《散花女侠》,盘天罗,赤城子的大弟子。,other
《散花女侠》,王镇南,平南副将军。,other
《散花女侠》,张大洪,原京中侍卫，负责监视沐琮。,other
《散花女侠》,王金标,原京中侍卫，负责监视沐琮。,other
《散花女侠》,赤城子,道号“赤霞道人”，赤城派创派祖师。,other
《散花女侠》,洪岩道人,赤城子的师弟。,other
《散花女侠》,韩展,京中侍卫，杜焜的八拜之交。,other
《散花女侠》,谷中豪,滇西一霸，谷家庄庄主。,other
《散花女侠》,公孙无垢,哀牢山的鸠盘婆。,other
《散花女侠》,摘星上人,昆仑山星宿海的魔头。,other
《散花女侠》,屠龙尊者,东海明霞岛的魔头。,other
《散花女侠》,云阳真人,甘肃积石山的魔头。,other
《散花女侠》,白孟川,丐帮一流好手。,other
《散花女侠》,郝云台,“火麒麟”，哈木图之友。,other
《散花女侠》,胡宏,塞外马贼。,other
《散花女侠》,顾孟章,大盗，毕擎天的侍卫队长。,other
《散花女侠》,齐封,御林军五虎将之一。,other
《散花女侠》,楚大齐,“铁扇书生”。,other
《散花女侠》,四、提到人物,,other
《散花女侠》,祈钰,明代宗。,other
《散花女侠》,樊忠,“京师三大高手”之一。,other
《散花女侠》,樊俊,原大内侍卫，樊忠之弟。,other
《散花女侠》,贯仲,“京师三大高手”之一，暗中出卖盟友。,other
《散花女侠》,王振,卖国奸宦。,other
《散花女侠》,云靖,明朝忠臣，云重、云蕾的祖父。,other
《散花女侠》,康超海,正统年间大内总管。,other
《散花女侠》,王骥,靖远侯。,other
《散花女侠》,陈逵,指挥。,other
《散花女侠》,元涵长老,武振东邀请的客人。,other
《散花女侠》,柳定庵,武振东邀请的客人。,other
《散花女侠》,寒江道长,武振东邀请的客人。,other
《散花女侠》,毕道凡,“震三界”，毕擎天之父，潮音和尚之友。,other
《散花女侠》,鲁不邪,河南独行大盗。,other
《散花女侠》,彭莹玉,朱元璋、张士诚、毕凌虚之师。,other
《散花女侠》,毕凌虚,彭莹玉的三徒弟，毕擎天的祖先。,other
《散花女侠》,殷天鉴,“九头狮子”，曾为苏州快活林的主人。,other
《散花女侠》,龙天仕,苏州快活林的主人。,other
《散花女侠》,澹台仲元,云重的岳父。,other
《散花女侠》,达摩,罗汉神拳的创造者。,other
《散花女侠》,周健,金刀寨主，周山民之父。,other
《散花女侠》,慧觉禅师,了缘之师。,other
《散花女侠》,江口富山技,日本九段剑客。,other
《散花女侠》,董岳,玄机逸士的大徒弟。,other
《散花女侠》,史定山,董岳之徒，叶成林之师。,other
《散花女侠》,卫春廷,杭州抚台，铁鈜的学生。,other
《散花女侠》,霍行仲,天山隐士，霍天都之父，凌云凤之舅。,other
《散花女侠》,朗月禅师,昆仑派高手。,other
《散花女侠》,岳鸣珂,晦明禅师，霍天都之徒，明末武学大师。,other
《散花女侠》,杨瑄,大学士，张骥的亲戚。,other
《联剑风云录》,张玉虎,张丹枫之徒，张风府之子。,main
《联剑风云录》,龙剑虹,凌云凤的结拜妹妹。,main
《联剑风云录》,凌云凤,原名凌慕华，霍天都之妻。,main
《联剑风云录》,霍天都,代替阳宗海的新“四大剑客”之一，天山剑法的创造者。,main
《联剑风云录》,铁镜心,沐琮的郡马，石惊涛之徒。,other
《联剑风云录》,沐琮,沐国公，铁镜心的岳父。,other
《联剑风云录》,沐燕,铁镜心之妻，沐琮之女。,other
《联剑风云录》,沐璘,沐琮之子，沐燕之弟。,other
《联剑风云录》,张丹枫,天下第一剑客，“四大剑客”之首，玄机门下第三代弟子。,other
《联剑风云录》,石惊涛,“四大剑客”排名第三，铁镜心之师。,other
《联剑风云录》,乌蒙夫,“四大剑客”排名第二。慕容华之师。,other
《联剑风云录》,段澄苍,白族首领。,other
《联剑风云录》,于成珠,“散花女侠”，叶成林之妻，张丹枫之徒。,other
《联剑风云录》,叶成林,东海抗倭义军寨主。,other
《联剑风云录》,毕擎天,丐帮帮主。,other
《联剑风云录》,张宝,保护云南省贡物的武师。,other
《联剑风云录》,杨义,保护云南省贡物的武师。,other
《联剑风云录》,盘天罗,赤霞道人的首徒。,other
《联剑风云录》,蒙元子,赤霞道人的三徒弟。,other
《联剑风云录》,蔡福昌,保护广东省贡物的武师，少林派高手。,other
《联剑风云录》,韦国清,保护广西省贡物的武师，巡抚衙门的总捕头。,other
《联剑风云录》,黑摩诃,专与独脚盗做买卖的印度珠宝商，张玉虎之师。,other
《联剑风云录》,白摩诃,专与独脚盗做买卖的印度珠宝商，张玉虎之师。,other
《联剑风云录》,周志侠,“金刀小侠”，周山民之子。,other
《联剑风云录》,周山民,金刀寨主，北方绿林盟主。,other
《联剑风云录》,石翠凤,周山民之妻。,other
《联剑风云录》,春杏,龙剑虹的丫鬟。,other
《联剑风云录》,夏荷,龙剑虹的丫鬟。,other
《联剑风云录》,秋菊,龙剑虹的丫鬟。,other
《联剑风云录》,冬梅,龙剑虹的丫鬟。,other
《联剑风云录》,罗青,仙霞岭彩虹寨副寨主。,other
《联剑风云录》,祝节,湖南辰州僵尸门长老。,other
《联剑风云录》,祝符,湖南辰州僵尸门长老。,other
《联剑风云录》,孤云道人,武当派二代弟子。,other
《联剑风云录》,屈九疑,武当派二代弟子，孤云道人的师弟。,other
《联剑风云录》,朱宝,江湖买解，朱灵之兄。,other
《联剑风云录》,朱灵,江湖买解，朱宝之妹。,other
《联剑风云录》,成海山,铁镜心的师弟。,other
《联剑风云录》,石文纨,成海山之妻。,other
《联剑风云录》,王钊,巡抚亲兵营的统立。,other
《联剑风云录》,屠刚,“日月轮”，保护浙江省贡物的武师。,other
《联剑风云录》,褚霸,“阴阳手”，保护浙江省贡物的武师。,other
《联剑风云录》,柳泽苍,太湖正寨主。,other
《联剑风云录》,蒋平根,太湖副寨主。,other
《联剑风云录》,阴蕴玉,七阴教教主，姬环、赤霞道人之徒。,other
《联剑风云录》,阴秀兰,阴蕴玉之女。,other
《联剑风云录》,童冠豪,“霹雳手”，驰名北五省的老英雄。,other
《联剑风云录》,殷梅阁,“天雷剑”，驰名北五省的老英雄。,other
《联剑风云录》,朱大雄,“火神弹”，驰名北五省的老英雄。,other
《联剑风云录》,杜赶驴,金刀寨小头目。,other
《联剑风云录》,七星子,武当派第一辈高手。,other
《联剑风云录》,孟玑,“神箭手”，金刀寨副寨主。,other
《联剑风云录》,卜云鹏,关东剑客。,other
《联剑风云录》,魏大猷,关东马场场主。,other
《联剑风云录》,杜子平,“六合枪”，东海抗倭义军副寨主。,other
《联剑风云录》,石霸,泰山帮帮主。,other
《联剑风云录》,褚元,北方丐帮副帮主。,other
《联剑风云录》,范子朋,河南老武师。,other
《联剑风云录》,玄瑛道人,玄妙观观主。,other
《联剑风云录》,林金源,福建老镖客。,other
《联剑风云录》,金硕,各省武师的领袖。,other
《联剑风云录》,朱见深,宪宗皇帝。,other
《联剑风云录》,谷竹均,精于医道的河南老前辈。,other
《联剑风云录》,卢道隐,精于医道的陕西老前辈。,other
《联剑风云录》,刘完达,金刀寨副寨主。,other
《联剑风云录》,万天鹏,万家树之子。,other
《联剑风云录》,白逢源,金刀寨迎宾亭的头领。,other
《联剑风云录》,慕容华,乌蒙夫之徒，长孙玉的师兄。,other
《联剑风云录》,长孙玉,林仙韵之徒。,other
《联剑风云录》,张霸,义军头目。,other
《联剑风云录》,王兆庆,柳泽苍的跟随。,other
《联剑风云录》,大雄道人,符大元的义兄。,other
《联剑风云录》,符大元,“胖金刚”，大雄道人的好友。,other
《联剑风云录》,王德,义军了望台守卫头目。,other
《联剑风云录》,云重,云蕾之兄，董岳之徒。,other
《联剑风云录》,澹台镜明,云重之妻。,other
《联剑风云录》,褚灵石,山东饮马川寨主。,other
《联剑风云录》,戴立翁,河南老武师。,other
《联剑风云录》,聂冬青,江南镇海帮帮主。,other
《联剑风云录》,无色,“少林三大神僧”之一，少林寺监寺。,other
《联剑风云录》,无相,“少林三大神僧”之一，少林寺刑堂。,other
《联剑风云录》,无我,“少林三大神僧”之一，少林寺护经。,other
《联剑风云录》,韩铁樵,“神拳无敌”，氓山派掌门。,other
《联剑风云录》,镇天神君,“铁岭三神君”之一，混天神君、惊天神君之兄。,other
《联剑风云录》,混天神君,“铁岭三神君”之一，镇天神君之弟，惊天神君之兄。,other
《联剑风云录》,惊天神君,“铁岭三神君”之一，混天神君、镇天神君之弟。,other
《联剑风云录》,三、反派人物,,other
《联剑风云录》,乔北溟,天下第一魔头。,other
《联剑风云录》,厉抗天,“大力神”，乔北溟的管家。,other
《联剑风云录》,乔少少,乔北溟之子。,other
《联剑风云录》,阳宗海,原“四大剑客”之一、大内总管，赤霞道人之徒。,other
《联剑风云录》,娄桐荪,原御林军统领。,other
《联剑风云录》,翦长春,御林军统领。,other
《联剑风云录》,东方赫,管神龙大徒弟。,other
《联剑风云录》,贯居,贯仲之子，原两湖盐运使。,other
《联剑风云录》,符君集,大内总管。,other
《联剑风云录》,楚天遥,原名楚大齐，“铁扇书生”，齐鲁之间的独脚大盗。,other
《联剑风云录》,石镜涵,“百毒神君”，姬环之徒。,other
《联剑风云录》,管神龙,“独臂擎天”，赤霞道人的师侄。,other
《联剑风云录》,摘星上人,昆仑星宿海的高手。,other
《联剑风云录》,曲野樵,“胖金刚”，摘星上人的好友。,other
《联剑风云录》,崔元溥,青州高手。,other
《联剑风云录》,古独存,管神龙二徒弟。,other
《联剑风云录》,姬尤,姬环的养子。,other
《联剑风云录》,萨力雄,“大力神魔”，曾称雄漠北，楚天遥的好友。,other
《联剑风云录》,卜绍,萨力雄之徒。,other
《联剑风云录》,青云道人,使剑能手。,other
《联剑风云录》,崔宝山,“神锥”，石三泰首徒，厉抗天的结义兄弟。,other
《联剑风云录》,四、提到人物,,other
《联剑风云录》,赤霞道人,与玄机逸士齐名的高手，盘天罗、阳宗海、蒙元子之师。,other
《联剑风云录》,玄机逸士,叶盈盈之师。,other
《联剑风云录》,祈镇,明英宗,other
《联剑风云录》,张风府,“京都三大高手”之一，原御林军统领，与樊忠、贯仲八拜之交。,other
《联剑风云录》,樊忠,“京都三大高手”之一，与张风府、贯仲八拜之交。,other
《联剑风云录》,贯仲,“京都三大高手”之一，与樊忠、张风府八拜之交。,other
《联剑风云录》,樊英,,other
《联剑风云录》,周健,金刀寨主，周山民之父。,other
《联剑风云录》,叶留宗,叶成林之父。,other
《联剑风云录》,杨子周,仙霞岭彩虹寨大寨主。,other
《联剑风云录》,六如道长,武当派掌门人。,other
《联剑风云录》,无住禅师,少林寺住持。,other
《联剑风云录》,于谦,前朝忠臣、于承珠之父。,other
《联剑风云录》,于冕,于谦养子。,other
《联剑风云录》,张骥,浙江巡抚。,other
《联剑风云录》,周泰,“八卦刀”，保护江苏省贡物的三个武师的师傅。,other
《联剑风云录》,郑国有,丐帮长老。,other
《联剑风云录》,毕凌虚,毕擎天的祖父。,other
《联剑风云录》,潮音和尚,,other
《联剑风云录》,石竹君,青城派女侠。,other
《联剑风云录》,四空道人,武当派第一辈高手。,other
《联剑风云录》,霍行仲,霍天都之父。,other
《联剑风云录》,董牧,“铁砂掌”，董家堡堡主。,other
《联剑风云录》,云蕾,张丹枫之妻。,other
《联剑风云录》,王振,,other
《联剑风云录》,姬环,“毒手神魔”，当世第一使毒高手。,other
《联剑风云录》,庞通,庞家堡堡主。,other
《联剑风云录》,万天游,点苍派剑客。,other
《联剑风云录》,万家树,万天游之子。,other
《联剑风云录》,叶盈盈,“飞天龙女”，玄机门下二代弟子。,other
《联剑风云录》,刘湘云,青城派女侠、万家树之妻。,other
《联剑风云录》,石鸿博,武林中数一数二的人物，娄桐荪之师。,other
《联剑风云录》,林仙韵,“金钩仙子”，乌蒙夫之妻。,other
《联剑风云录》,海若道人,崂山上清宫主持，娄桐荪、厉抗天的好友。,other
《联剑风云录》,李全,浙江巡抚。,other
《联剑风云录》,董岳,“金刚手”，云重之师。,other
《联剑风云录》,石三泰,保定暗器大师。,other
《联剑风云录》,屠龙尊者,摘星上人的好友。,other
《联剑风云录》,殷牧野,北京镇远镖局总镖头。,other
《大唐游侠传》,段珪璋,幽州剑客，著名游侠。,main
《大唐游侠传》,南霁云,“磨剑客”，著名游侠，卜安期大徒弟。,main
《大唐游侠传》,铁摩勒,铁崑仑之子，窦令侃义子，卜安期三徒弟。,main
《大唐游侠传》,夏凌霜,冷雪梅、皇甫华之女，南霁云之妻。,main
《大唐游侠传》,韩芷芬,韩湛之女，铁摩勒的未婚妻。,main
《大唐游侠传》,王燕羽,王伯通之女，展大娘之徒。,main
《大唐游侠传》,史逸如,大唐进士，段珪璋的好友。,other
《大唐游侠传》,卢梦蝶,史逸如之妻，冷雪梅的表妹。,other
《大唐游侠传》,窦缐娘,段珪璋之妻，“窦家五虎”之妹。,other
《大唐游侠传》,空空儿,天下第一神偷。,other
《大唐游侠传》,展元修,展龙飞之子，王燕羽的师兄。,other
《大唐游侠传》,段克邪,段珪璋之子，空空儿的师弟。,other
《大唐游侠传》,薛红缐,真名史若梅，史逸如之女。,other
《大唐游侠传》,窦令侃,“窦家五虎”的老大，“绿林三霸”之一，飞虎山寨主。,other
《大唐游侠传》,窦令申,“窦家五虎”的老二。,other
《大唐游侠传》,窦令符,“窦家五虎”的老三。,other
《大唐游侠传》,窦令策,“窦家五虎”的老四。,other
《大唐游侠传》,窦令湛,“窦家五虎”的老五。,other
《大唐游侠传》,唐玄宗,大唐皇帝。,other
《大唐游侠传》,杨玉环,唐玄宗宠爱的贵妃。,other
《大唐游侠传》,高力士,唐玄宗宠爱的太监。,other
《大唐游侠传》,薛嵩,安禄山亲军统领，史若梅的养父。,other
《大唐游侠传》,王伯通,“绿林三霸”之一，龙眠谷寨主。,other
《大唐游侠传》,吴筠,湖州司马。,other
《大唐游侠传》,李白,“诗仙”，号“青莲居士”，翰林学士。,other
《大唐游侠传》,贺知章,著名诗人。,other
《大唐游侠传》,崔宗之,,other
《大唐游侠传》,张旭,“草圣”。,other
《大唐游侠传》,郭子仪,九原郡守。,other
《大唐游侠传》,尉迟北,“大内三大高手”之一，龙骑都尉，尉迟恭后人。,other
《大唐游侠传》,秦襄,“大内三大高手”之一，龙骑都尉，秦琼后人。,other
《大唐游侠传》,雷万春,卜安期二徒弟。,other
《大唐游侠传》,张巡,睢阳太守。,other
《大唐游侠传》,卜安期,“磨镜老人”，江湖侠隐。,other
《大唐游侠传》,聂锋,安禄山的副将，薛嵩的表弟。,other
《大唐游侠传》,聂隐娘,聂锋之女。,other
《大唐游侠传》,李龟年,乐工。,other
《大唐游侠传》,皇甫嵩,“江湖三异丐”之一，“江湖七怪”之一，“西岳神龙”，华山派名宿。,other
《大唐游侠传》,卫越,“江湖三异丐”之一，“疯丐”，丐帮长老。,other
《大唐游侠传》,车迟,“江湖三异丐”之一，“三手神丐”，“酒丐”。,other
《大唐游侠传》,冷雪梅,“白马女侠”，夏声涛之妻。,other
《大唐游侠传》,小红,薛嵩派来服侍卢梦蝶的丫鬟。,other
《大唐游侠传》,史彰,窦家幽州分舵的总管。,other
《大唐游侠传》,程通,史彰的副手。,other
《大唐游侠传》,杜百英,“金剑青囊”，江湖游侠。,other
《大唐游侠传》,韩湛,天下第一点穴名家。,other
《大唐游侠传》,龙藏上人,,other
《大唐游侠传》,辛天雄,金鸡山寨主。,other
《大唐游侠传》,屠龙,王伯通的副手。,other
《大唐游侠传》,褚遂,王伯通的副手。,other
《大唐游侠传》,祝三胜,绿林强盗。,other
《大唐游侠传》,符凌霄,陕南著名游侠。,other
《大唐游侠传》,展大娘,展龙飞之妻，展元修之母。,other
《大唐游侠传》,长乐公主,唐玄宗之女。,other
《大唐游侠传》,郭从瑾,杜百英之师。,other
《大唐游侠传》,王思礼,河源军使，河西、陇右节度使。,other
《大唐游侠传》,杨暄,户部侍郎，杨国忠之子。,other
《大唐游侠传》,吕甫,扶风郡守。,other
《大唐游侠传》,李亨,太子，后自立为肃宗。,other
《大唐游侠传》,妙慧师太,薛红缐、聂隐娘之师，展大娘的师姐。,other
《大唐游侠传》,雷青海,乐工，“琵琶第一手”，雷万春的胞兄。,other
《大唐游侠传》,武铁樵,丐帮首领，卫越的师弟。,other
《大唐游侠传》,李猪儿,安庆绪的太监总管。,other
《大唐游侠传》,程坚,羊牧劳二徒弟。,other
《大唐游侠传》,刘海,百夫长，薛嵩家的小厮。,other
《大唐游侠传》,广智禅师,福隆寺方丈。,other
《大唐游侠传》,转轮法王,金碧宫主人。,other
《大唐游侠传》,朱灵,朱旭之子，朱宝之兄。,other
《大唐游侠传》,朱宝,朱旭之子，朱灵之弟。,other
《大唐游侠传》,天徳禅师,转轮法王大徒弟。,other
《大唐游侠传》,华良,王伯通山寨的三堂总头目。,other
《大唐游侠传》,牟沧浪,虬髯客的徒孙。,other
《大唐游侠传》,归夫人,藏灵子之妻，段克邪之师。,other
《大唐游侠传》,许远,张巡的副帅。,other
《大唐游侠传》,三、反派人物,,other
《大唐游侠传》,安禄山,三镇节度使，大燕皇帝。,other
《大唐游侠传》,杨国忠,宰相，杨玉环的从兄。,other
《大唐游侠传》,田承嗣,原江湖大盗，安禄山手下。,other
《大唐游侠传》,史思明,安禄山的副手。,other
《大唐游侠传》,张忠志,安禄山账下四大高手之一。,other
《大唐游侠传》,令狐达,御林军都谓。,other
《大唐游侠传》,宇文通,“大内三大高手”之一，龙骑都尉。,other
《大唐游侠传》,牛千斤,大内高手。,other
《大唐游侠传》,龙万钧,大内高手。,other
《大唐游侠传》,精精儿,空空儿的师弟。,other
《大唐游侠传》,石一龙,“阴阳刀”，西凉独脚大盗，石一虎的兄长。,other
《大唐游侠传》,石一虎,“阴阳刀”，西凉独脚大盗，石一龙的弟弟。,other
《大唐游侠传》,王龙客,王伯通之子，转轮法王之徒。,other
《大唐游侠传》,武令珣,安禄山手下得力将领。,other
《大唐游侠传》,贺崑,混入郭子仪军中的奸细。,other
《大唐游侠传》,阿奢黎,安禄山礼聘的大法师。,other
《大唐游侠传》,龟元道人,邪派中人。,other
《大唐游侠传》,韩荆,王伯通的心腹勇士。,other
《大唐游侠传》,邓奢,王伯通的心腹勇士。,other
《大唐游侠传》,宝相禅师,刺客。,other
《大唐游侠传》,羊牧劳,“三孽畜”之一，“七步追魂手”，安禄山礼聘的“大内总管”。,other
《大唐游侠传》,马远行,“三孽畜”之一，羊牧劳的结义兄弟。,other
《大唐游侠传》,牛不耕,“三孽畜”之一，羊牧劳的结义兄弟。,other
《大唐游侠传》,苏秉,幽州道行兵总管。,other
《大唐游侠传》,杜绶,安禄山的“龙骑都尉”。,other
《大唐游侠传》,司空拔,安禄山的“龙骑都尉”。,other
《大唐游侠传》,洪大存,安禄山的“禁卫军副统领”。,other
《大唐游侠传》,单雄,羊牧劳大徒弟。,other
《大唐游侠传》,尚崑,羊牧劳三徒弟。,other
《大唐游侠传》,蒙贯,海盗出身，安禄山的“御前侍卫”。,other
《大唐游侠传》,沐安,安禄山的“羽林军统带”。,other
《大唐游侠传》,令狐潮,史思明手下大将，令狐达之兄。,other
《大唐游侠传》,尹子奇,令狐潮的神箭营统领，军中第一神箭手。,other
《大唐游侠传》,皇甫华,皇甫嵩的同胞弟弟。,other
《大唐游侠传》,四、提到人物,,other
《大唐游侠传》,李瑁,寿王，唐玄宗之子。,other
《大唐游侠传》,安延偃,安禄山后父。,other
《大唐游侠传》,张友圭,幽州节度使。,other
《大唐游侠传》,李林甫,奸相。,other
《大唐游侠传》,铁崑仑,“绿林三霸”之一，燕山寨主，铁摩勒之父。,other
《大唐游侠传》,封季常,范阳老英雄。,other
《大唐游侠传》,怀仁,长安寺院主持，段珪璋知交。,other
《大唐游侠传》,杜甫,“诗圣”。,other
《大唐游侠传》,哥舒翰,陇西节度使，后降安禄山。,other
《大唐游侠传》,尉迟南,禁军统领，尉迟北之兄。,other
《大唐游侠传》,聂鹏,范阳琢州老剑客，聂锋之父。,other
《大唐游侠传》,李諅,乐工。,other
《大唐游侠传》,花奴,乐工。,other
《大唐游侠传》,贺怀智,乐工。,other
《大唐游侠传》,郑观音,乐工。,other
《大唐游侠传》,张野狐,乐工。,other
《大唐游侠传》,黄幡,乐工。,other
《大唐游侠传》,定一禅师,少林派弟子。,other
《大唐游侠传》,夏声涛,冷雪梅的丈夫。,other
《大唐游侠传》,公孙湛,内廷侍卫，与夏声涛有私仇。,other
《大唐游侠传》,冯神威,中使。,other
《大唐游侠传》,达奚殉,大臣。,other
《大唐游侠传》,杨光翻,太原留守，杨国忠的同族。,other
《大唐游侠传》,封常清,安西、范阳、平卢节度使。,other
《大唐游侠传》,张介然,河南节度使。,other
《大唐游侠传》,安庆宗,安禄山的长子。,other
《大唐游侠传》,安庆绪,安禄山的次子。,other
《大唐游侠传》,荣义郡主,唐玄宗的侄女，安庆绪之妻。,other
《大唐游侠传》,郭讷,陈留太守。,other
《大唐游侠传》,颜真卿,平原太守。,other
《大唐游侠传》,展龙飞,大魔头。,other
《大唐游侠传》,陈元礼,龙虎大将军。,other
《大唐游侠传》,崔光远,少尹，留守将军。,other
《大唐游侠传》,魏方进,京兆尹，置顿使。,other
《大唐游侠传》,公孙大娘,女剑师。,other
《大唐游侠传》,李辅国,太监，东宫内侍。,other
《大唐游侠传》,韦见素,大臣。,other
《大唐游侠传》,薛景仙,陈仓县令。,other
《大唐游侠传》,李光弼,,other
《大唐游侠传》,玄空子,“武林七奇”之一。,other
《大唐游侠传》,严庄,安禄山的“一品大臣”。,other
《大唐游侠传》,安庆恩,安禄山之子。,other
《大唐游侠传》,王维,诗人。,other
《大唐游侠传》,藏灵子,俗名归方震，空空儿、精精儿之师。,other
《大唐游侠传》,朱旭,朱雀山寨主。,other
《大唐游侠传》,虬髯客,严一羽之师。,other
《大唐游侠传》,严一羽,牟沧浪之师。,other
《大唐游侠传》,贺兰进明,元帅。,other
《大唐游侠传》,刘彦,郭子仪麾下大将。,other
《大唐游侠传》,李天敖,“李麻子”。,other
《慧剑心魔》,展伯承,展元修之子。,main
《慧剑心魔》,铁凝,铁摩勒之女，辛芷姑的关门弟子。,main
《慧剑心魔》,褚葆龄,褚遂的孙女。,main
《慧剑心魔》,刘芒,刘振之子。,main
《慧剑心魔》,铁铮,铁摩勒之子，空空儿之徒。,other
《慧剑心魔》,铁摩勒,绿林盟主，“三大剑客”之一。,other
《慧剑心魔》,段克邪,段珪璋之子，“三大剑客”之一，空空儿的师弟。,other
《慧剑心魔》,史若梅,段克邪之妻，原名薛红线。,other
《慧剑心魔》,空空儿,“三大剑客”之一，“天下第一神偷”，铁铮之师。,other
《慧剑心魔》,辛芷姑,“无情剑”，铁凝之师，空空儿之妻。,other
《慧剑心魔》,杜百英,“金剑青囊”，铁摩勒的得力助手。,other
《慧剑心魔》,褚遂,王伯通的副寨主。,other
《慧剑心魔》,楚平原,师陀国王夫。,other
《慧剑心魔》,宇文虹霓,师陀国女王，楚平原之妻。,other
《慧剑心魔》,韩芷芬,铁摩勒之妻。,other
《慧剑心魔》,独孤宇,“铁扇书生”，独孤莹之兄，刘振、夏侯英的结义兄弟，,other
《慧剑心魔》,独孤莹,独孤宇之妹，吕鸿春之妻。,other
《慧剑心魔》,刘振,刘芒之父，独孤宇、夏侯英的结义兄长。,other
《慧剑心魔》,龙成香,辛芷姑首徒，穆康之妻。,other
《慧剑心魔》,龙成芳,龙成香之妹。,other
《慧剑心魔》,南夏雷,南霁云的长子。,other
《慧剑心魔》,南春雷,南霁云的次子。,other
《慧剑心魔》,南秋雷,南霁云之女，排行第三。,other
《慧剑心魔》,南冬雷,南霁云的四子。,other
《慧剑心魔》,穆安,蒲邑大豪。,other
《慧剑心魔》,穆康,穆安之子。,other
《慧剑心魔》,华宗岱,“笔扫千军”，华剑虹之父。,other
《慧剑心魔》,华剑虹,华宗岱之女。,other
《慧剑心魔》,方辟符,磨镜老人的关门弟子。,other
《慧剑心魔》,聂隐娘,方辟符之妻。,other
《慧剑心魔》,吕鸿春,“神箭手”，吕鸿秋之兄。,other
《慧剑心魔》,吕鸿秋,“金铃女侠”，吕鸿春之妹，独孤宇之妻。,other
《慧剑心魔》,夏侯英,刘振、独孤宇的结义兄弟，绿林义军首领。,other
《慧剑心魔》,周同,扬州海河帮帮主。,other
《慧剑心魔》,辛天雄,原金鸡岭寨主，现跟随铁摩勒。,other
《慧剑心魔》,盖天豪,原牟世杰副手，现跟随铁摩勒。,other
《慧剑心魔》,盖天仙,盖天豪之妹，卓木伦的王妃。,other
《慧剑心魔》,董钊,“金刀”，老英雄。,other
《慧剑心魔》,石敢当,海河帮副帮主。,other
《慧剑心魔》,邹胜,长江口外小岛岛主，周同好友。,other
《慧剑心魔》,程德威,山东名武师。,other
《慧剑心魔》,甘泉,韩湛的师弟。,other
《慧剑心魔》,夏侯勇,夏侯英的疏堂侄儿。,other
《慧剑心魔》,陈凤豪,陈元贵之子。,other
《慧剑心魔》,陈凤英,陈凤豪之妹。,other
《慧剑心魔》,乌获,宇文虹霓最得力的四个武士之一。,other
《慧剑心魔》,木里,宇文虹霓最得力的四个武士之一。,other
《慧剑心魔》,葛什,宇文虹霓最得力的四个武士之一。,other
《慧剑心魔》,哈克,宇文虹霓最得力的四个武士之一。,other
《慧剑心魔》,浩罕,师陀国猎人，后成为空空儿的徒弟。,other
《慧剑心魔》,苏木,义军头领。,other
《慧剑心魔》,巴大维,回纥第一高手。,other
《慧剑心魔》,曲离,原回纥第一高手，回纥副元帅。,other
《慧剑心魔》,幻空上人,鄂克沁寺的监寺。,other
《慧剑心魔》,曲英,曲离之妹。,other
《慧剑心魔》,王泰,幽州丐帮分舵主。,other
《慧剑心魔》,秦观海,南秋雷的师兄。,other
《慧剑心魔》,香贝,一个部落王公的女儿，宇文虹霓之友。,other
《慧剑心魔》,彩凤,聂隐娘的女仆,other
《慧剑心魔》,三、反派人物,,other
《慧剑心魔》,窦元,窦令符的小儿子。,other
《慧剑心魔》,帅万雄,黑虎寨寨主。,other
《慧剑心魔》,卜仇天,独行大盗。,other
《慧剑心魔》,班彪,豹子岗的强盗，班冲之兄，“两枪三刀双豹子”之一。,other
《慧剑心魔》,班冲,豹子岗的强盗，班彪之弟，“两枪三刀双豹子”之一。,other
《慧剑心魔》,田悦,田承嗣之子。,other
《慧剑心魔》,尉迟俊,尉迟北的侄儿。,other
《慧剑心魔》,北宫横,司空图二徒弟。,other
《慧剑心魔》,石攻,石错之兄。,other
《慧剑心魔》,石错,石攻之弟。,other
《慧剑心魔》,司空图,“雪山老怪”，邪派第一高手。,other
《慧剑心魔》,司空猛,司空图之子。,other
《慧剑心魔》,泰洛,回纥四大高手之一。,other
《慧剑心魔》,丘必大,回纥第三名高手。,other
《慧剑心魔》,沙铁山,追魂帮帮主。,other
《慧剑心魔》,仇敖,沙铁山的二弟。,other
《慧剑心魔》,鲍泰,沙铁山的三弟。,other
《慧剑心魔》,西门旺,司空图大徒弟,other
《慧剑心魔》,左刺花,回纥军都统。,other
《慧剑心魔》,拓跋赤,回纥主帅。,other
《慧剑心魔》,拓跋元,拓跋赤之子。,other
《慧剑心魔》,拓跋雄,拓跋赤的侄儿。,other
《慧剑心魔》,吉纳,师陀国伪王。,other
《慧剑心魔》,车卫,回纥先锋。,other
《慧剑心魔》,乙辛,回纥四大高手之一。,other
《慧剑心魔》,无咎,西藏密宗的高手。,other
《慧剑心魔》,无妄,西藏密宗的高手，无咎的师弟。,other
《慧剑心魔》,周宝阳,王典的卫士队长，神箭手。,other
《慧剑心魔》,四、提到人物,,other
《慧剑心魔》,展元修,展伯承之父。,other
《慧剑心魔》,王燕羽,展伯承之母。,other
《慧剑心魔》,段珪璋,段克邪之父，“两大游侠”之一。,other
《慧剑心魔》,窦令侃,三十年前的绿林盟主，“窦家五虎”之首，铁摩勒的义父。,other
《慧剑心魔》,铁昆仑,铁摩勒的之父。,other
《慧剑心魔》,王伯通,原绿林盟主，展伯承的外祖父。,other
《慧剑心魔》,王龙客,王伯通之子。,other
《慧剑心魔》,转轮法王,王龙客之师。,other
《慧剑心魔》,妙慧神尼,王燕羽之师。,other
《慧剑心魔》,精精儿,空空儿的师弟。,other
《慧剑心魔》,窦线娘,段珪璋之妻，“窦家五虎”之妹。,other
《慧剑心魔》,南霁云,“两大游侠”之一。,other
《慧剑心魔》,展龙飞,展伯承的祖父。,other
《慧剑心魔》,秦襄,,other
《慧剑心魔》,史朝英,辛芷姑二徒弟。,other
《慧剑心魔》,尉迟北,羽林军副统领。,other
《慧剑心魔》,薛嵩,"潞州节度使,史若梅的义父。",other
《慧剑心魔》,聂锋,聂隐娘之父。,other
《慧剑心魔》,磨镜老人,铁摩勒的之师。,other
《慧剑心魔》,灵鹫上人,灵鹫派创始人。,other
《慧剑心魔》,夏凌霜,南霁云之妻，妙慧神尼之徒。,other
《慧剑心魔》,杯渡禅师,少林寺方丈。,other
《慧剑心魔》,牟世杰,前任绿林盟主。,other
《慧剑心魔》,卓木伦,奚族王子。,other
《慧剑心魔》,张巡,唐朝名将。,other
《慧剑心魔》,羊牧劳,沙铁山之师。,other
《慧剑心魔》,藏灵子,空空儿之师。,other
《慧剑心魔》,李元兴,扬州节度使。,other
《慧剑心魔》,窦令符,“窦家五虎”之一，窦元之父。,other
《慧剑心魔》,韩湛,铁凝的外祖父。,other
《慧剑心魔》,牟沧浪,扶桑岛岛主。,other
《慧剑心魔》,陈元贵,师陀国村民。,other
《慧剑心魔》,章留仙,幽州节度使。,other
《慧剑心魔》,王典,范阳节度使。,other
《慧剑心魔》,郑镇国,秦观海、南秋雷的太师祖。,other
《慧剑心魔》,田承嗣,魏博节度使。,other
《慧剑心魔》,幻灭,鄂克沁寺方丈,other
《慧剑心魔》,幻寂,鄂克沁寺藏经楼主持,other
《剑网尘丝》,卫天元,“飞天神龙”，齐燕然的徒孙。,main
《剑网尘丝》,姜雪君,姜志奇之女。卫天元的情侣。,main
《剑网尘丝》,楚天舒,“铁笔书生”，楚劲松与龙帼英之子。,main
《剑网尘丝》,齐漱玉,齐勒铭与庄英男之女。,main
《剑网尘丝》,齐勒铭,齐燕然之子。,main
《剑网尘丝》,齐燕然,天下第一高手，剑法天下第三。,other
《剑网尘丝》,上官飞凤,上官云龙之女。,other
《剑网尘丝》,楚劲松,“扬州大侠”，楚天舒之父。,other
《剑网尘丝》,庄英男,楚劲松之妻，齐勒铭的前妻。,other
《剑网尘丝》,穆娟娟,“银狐”，穆好好之妹，齐勒铭的情妇。,other
《剑网尘丝》,申公达,“包打听”，“顺风耳”。,other
《剑网尘丝》,枯禅大师,少林寺监寺。,other
《剑网尘丝》,郭元宰,徐中岳六徒弟。,other
《剑网尘丝》,鲍崇义,洛阳武学世家。,other
《剑网尘丝》,鲍令晖,鲍崇义之子。,other
《剑网尘丝》,一瓢道长,崆峒派掌门。,other
《剑网尘丝》,游扬,一瓢道长的大徒弟。,other
《剑网尘丝》,孟仲强,昆仑派弟子。,other
《剑网尘丝》,凌玉燕,青城派弟子。,other
《剑网尘丝》,徐锦瑶,徐中岳之女。,other
《剑网尘丝》,铁力夫,男傧相。,other
《剑网尘丝》,王殿英,八卦掌掌门。,other
《剑网尘丝》,梅清风,梅花剑掌门。,other
《剑网尘丝》,剪千崖,“剪大先生”，剪一山之兄。,other
《剑网尘丝》,印新磨,少林派俗家弟子。,other
《剑网尘丝》,叶忍堂,武当派四大弟子之一。,other
《剑网尘丝》,李仲元,徐中岳大徒弟。,other
《剑网尘丝》,汤怀远,震远镖局总镖头。,other
《剑网尘丝》,邓一舟,徐中岳四徒弟。,other
《剑网尘丝》,金兆英,徐中岳三徒弟。,other
《剑网尘丝》,春兰,姜志希的丫头。,other
《剑网尘丝》,叶隐农,叶天士的后人。,other
《剑网尘丝》,丁勃,以前为辽东大盗，现是齐燕然的仆人。,other
《剑网尘丝》,楚天虹,楚劲松与庄英男之女。,other
《剑网尘丝》,方绍武,徐中岳之徒。,other
《剑网尘丝》,谢国镗,洛阳名武师，徐中岳的好友。,other
《剑网尘丝》,王妈,庄英男的奶妈。,other
《剑网尘丝》,汤怀义,汤怀远的胞弟，贺敬金的义弟。,other
《剑网尘丝》,玉虚子,俗名潘俊，字逊岳。“玉面郎君”，“武当五老”之末。,other
《剑网尘丝》,天权,华山派掌门。,other
《剑网尘丝》,天璇,华山派六长老中排行第四。,other
《剑网尘丝》,涵虚,天权道人之徒。,other
《剑网尘丝》,涵谷,"天权道人之徒,涵虚的师弟。",other
《剑网尘丝》,白仁甫,天梧道人之徒。,other
《剑网尘丝》,薛仁豪,天梧道人之徒。,other
《剑网尘丝》,天玑,华山派六长老中排行第二。,other
《剑网尘丝》,天梧,华山派六长老中排行第一。,other
《剑网尘丝》,天枢,华山派六长老中排行第五。,other
《剑网尘丝》,瑶光,华山派六长老中排行第六。,other
《剑网尘丝》,青鸾,瑶光之徒。,other
《剑网尘丝》,凌霄,天玑之徒。,other
《剑网尘丝》,凌虚,天权之徒。,other
《剑网尘丝》,凌云,天璇之徒。,other
《剑网尘丝》,凌宝,天玑之徒。,other
《剑网尘丝》,无色大师,香界寺主持。,other
《剑网尘丝》,汤秉乾,汤怀远之子。,other
《剑网尘丝》,梅道生,梅花剑（拳）的新任掌门，梅清风之弟。,other
《剑网尘丝》,雍惊涛,京师武术界的老前辈。,other
《剑网尘丝》,鲍胜,震远镖局的老镖师。,other
《剑网尘丝》,雷超,震远镖局的老镖师。,other
《剑网尘丝》,三、反派人物,,other
《剑网尘丝》,徐中岳,中州大侠，卫天元的杀父仇人。,other
《剑网尘丝》,赵红眉,“玉面罗刹”，赵青眉之姐。,other
《剑网尘丝》,姜志希,姜雪君的堂叔，徐中岳的门客。,other
《剑网尘丝》,萨都刺,“冀北双魔中的老大”，猫鹰岛上的野人。,other
《剑网尘丝》,萨都拉,“冀北双魔中的老二”，猫鹰岛上的野人。,other
《剑网尘丝》,穆好好,“金狐”，巴大山之妻，宇文雷之妻。,other
《剑网尘丝》,秦兆阳,“秦岭三英”的老大，黑道人物。,other
《剑网尘丝》,骆宏,“秦岭三英”的老二，保定地堂刀石家的弟子。,other
《剑网尘丝》,卢志高,“秦岭三英”的老三。,other
《剑网尘丝》,宇文浩,宇文冲之子。,other
《剑网尘丝》,宇文冲,白驼山主。,other
《剑网尘丝》,穆良驹,穆志遥之子，穆良骅的孪生哥哥。,other
《剑网尘丝》,穆良骅,穆志遥之子，穆良驹的孪生弟弟。,other
《剑网尘丝》,彭大遒,穆志瑶的管家，曾任大内侍卫。,other
《剑网尘丝》,佟开甲,“大力神”，穆志瑶礼聘的教头。,other
《剑网尘丝》,王大鹏,“鹰爪王”，穆志遥的手下。,other
《剑网尘丝》,李力宏,“铁拐李”，宇文冲的手下。,other
《剑网尘丝》,四、提到人物,,other
《剑网尘丝》,周霸,“大刀神”。,other
《剑网尘丝》,金光道长,武当派掌门。,other
《剑网尘丝》,贺敬金,“川西大侠”，黑道分赃的头目之一。,other
《剑网尘丝》,孤云道人,一瓢道长的三徒弟。,other
《剑网尘丝》,剪一山,“剪二先生”，剪千崖之弟。,other
《剑网尘丝》,姜志奇,化名姜远庸，姜雪君之父，楚劲松的师弟。,other
《剑网尘丝》,韩霸,“大刀”，强盗大头领。,other
《剑网尘丝》,张宏,“小李广”，强盗二头领。,other
《剑网尘丝》,华光道长,华山派上一代掌门。,other
《剑网尘丝》,卫承纲,卫天元之父，齐燕然之徒，天地会首领之一。,other
《剑网尘丝》,赵青眉,徐中岳的前妻。,other
《剑网尘丝》,叶天士,浙西名医。,other
《剑网尘丝》,唐景周,四川“唐家三老”中的老二，剪千崖的八拜之交。,other
《剑网尘丝》,褚良骥,两湖大侠。,other
《剑网尘丝》,程德浩,江苏巡抚。,other
《剑网尘丝》,巴大山,“铁臂猿”，陕甘道上的独脚大盗。,other
《剑网尘丝》,庄正光,虎威镖局总镖头，庄英男之父。,other
《剑网尘丝》,龙帼英,“俏张飞”，楚劲松的前妻，楚天舒之母。,other
《剑网尘丝》,孟彪,“黄河三鬼”中的老大。,other
《剑网尘丝》,千仞道长,华山派创派祖师。,other
《剑网尘丝》,剪乾坤,剪千崖、剪一山之父。,other
《剑网尘丝》,剪巽,剪乾坤的曾祖。,other
《剑网尘丝》,王元通,“金刀无敌”，卢志高之师。,other
《剑网尘丝》,上官瑾,“铁扇书生”，秦兆阳之师。,other
《剑网尘丝》,穆扬波,穆志遥之父。,other
《剑网尘丝》,穆志遥,御林军统领。,other
《剑网尘丝》,欧阳镜无,,other
《剑网尘丝》,宇文博,白驼山上一代山主。,other
《剑网尘丝》,金破浪,金逐流之子，剑法天下第二。,other
《剑网尘丝》,金逐流,二十年前的天下第一剑客，孟华的岳父。,other
《剑网尘丝》,孟华,杨炎的异父兄长。,other
《剑网尘丝》,杨炎,天山派掌门，剑法天下第一。,other
《剑网尘丝》,上官云龙,西域十三剑派的宗主。,other
《剑网尘丝》,唐经天,天山派的老掌门。,other
《广陵剑》,陈石星,陈劫遗之孙，张丹枫的关门弟子。,main
《广陵剑》,云瑚,云浩之女。,main
《广陵剑》,段剑平,大理段府小王爷。,main
《广陵剑》,韩芷,"丘迟的义女,池梁之女。",main
《广陵剑》,云浩,闻名天下的大侠，云重之子，云瑚之父。,other
《广陵剑》,单拔群,“金刀铁掌”，云浩、雷震岳的老朋友。,other
《广陵剑》,雷震岳,“一柱擎天”，西南五省武林中首屈一指的大侠。,other
《广陵剑》,张丹枫,天下第一剑客。,other
《广陵剑》,霍天都,"天山派第一任掌门,张丹枫的大弟子。",other
《广陵剑》,黑摩诃,天竺人，白摩诃之兄，张丹枫之友。,other
《广陵剑》,白摩诃,天竺人，黑摩诃之弟，张丹枫之友。,other
《广陵剑》,陈劫遗,“琴仙”，自号“琴翁”，原名“鹤侣”，“天下第一琴师”。,other
《广陵剑》,郭英扬,“江南双侠”之一。,other
《广陵剑》,钟毓秀,“江南双侠”之一，郭英扬的情侣。,other
《广陵剑》,周山民,金刀寨主，周健之子。,other
《广陵剑》,丘迟,原御林军军官，后为救陈劫遗而弃官归隐。,other
《广陵剑》,刘铁柱,陈石星少年时的朋友，后拜雷震岳为师。,other
《广陵剑》,杨虎符,阳朔富豪。,other
《广陵剑》,黄叶道人,“江南八仙”之一，剑术高手。,other
《广陵剑》,戒嗔,“江南八仙”之一。,other
《广陵剑》,葛南威,“江南八仙”之一。,other
《广陵剑》,杜素素,“江南八仙”之一，葛南威的情侣。,other
《广陵剑》,陶一樵,“江南八仙”之一。,other
《广陵剑》,董千峰,“江南八仙”之一。,other
《广陵剑》,林逸士,“渭水渔樵”中的渔夫，“江南八仙”之首。,other
《广陵剑》,乐隐夫,“渭水渔樵”中的樵子，“江南八仙”之一。,other
《广陵剑》,池梁,川西大侠，葛南威的师叔，韩芷的生父。,other
《广陵剑》,殷宇,雷震岳之徒。,other
《广陵剑》,宁广德,段府总教头。,other
《广陵剑》,周剑琴,周山民之女。,other
《广陵剑》,杜洱,段剑平的书僮。,other
《广陵剑》,小安子,段剑平的书僮。,other
《广陵剑》,楚青云,龙门剑客。,other
《广陵剑》,陆昆仑,丐帮帮主。,other
《广陵剑》,卢雄,龙府卫士。,other
《广陵剑》,郭杰,龙府卫士。,other
《广陵剑》,沈筐,周山民手下的大头目。,other
《广陵剑》,周复,周山民手下的大头目。,other
《广陵剑》,朱见深,大明皇帝。,other
《广陵剑》,赵赶驴,丐帮分舵舵主。,other
《广陵剑》,汪直,司礼太监。,other
《广陵剑》,范中柱,大内高手。,other
《广陵剑》,小达子,朱见深的近身太监。,other
《广陵剑》,王元振,太湖三十六家水寨的总寨主。,other
《广陵剑》,成大全,靖南镖局总镖头。,other
《广陵剑》,皎然大师,寒山寺的方丈。,other
《广陵剑》,巫秀花,巫山云之女。,other
《广陵剑》,焦仲,苏州丐帮分舵舵主。,other
《广陵剑》,韩劲宏,“巢湖双杰”的老二，巢湖寨主。,other
《广陵剑》,房豪,跳马涧二寨主。,other
《广陵剑》,佘迪民,洞庭山寨主。,other
《广陵剑》,白登,大内卫士，北鹰爪的掌门人。,other
《广陵剑》,姜选,大内卫士。,other
《广陵剑》,袁奎,资格最老的大内侍卫。,other
《广陵剑》,应修元,御林军副统领。,other
《广陵剑》,秦岱云,谷凌峰之徒。,other
《广陵剑》,阿璞,瓦剌大将。,other
《广陵剑》,阿坚,阿璞之子。,other
《广陵剑》,戈古朗,山中医隐。,other
《广陵剑》,戈密特,戈古朗之子。,other
《广陵剑》,库里温,牧场场主，哈萨克人。,other
《广陵剑》,库里良,库里温之子。,other
《广陵剑》,察拉汗,懂汉语的哈萨克人。,other
《广陵剑》,三、反派人物,,other
《广陵剑》,龙文光,九门提督兼兵部尚书，龙耀奎之子。,other
《广陵剑》,厉抗天,乔北溟之徒。,other
《广陵剑》,铁敖,毒龙帮帮主。,other
《广陵剑》,尚宝山,铁琵琶门的唯一传人。,other
《广陵剑》,铁杖禅师,法号“照空”，少林寺的叛徒。,other
《广陵剑》,余峻峰,“快刀刀王”，黑石庄庄主，龙文光的手下。,other
《广陵剑》,龙成斌,龙文光之侄。,other
《广陵剑》,六阳真君,“四大魔头之”一。,other
《广陵剑》,鸠盘婆,“四大魔头之”一。,other
《广陵剑》,石广元,龙文光的手下。,other
《广陵剑》,沙通海,龙文光的手下。,other
《广陵剑》,霍六奇,尉迟鞭法的嫡系传人。,other
《广陵剑》,呼延龙,龙文光的心腹卫士，呼延兄弟的老大。,other
《广陵剑》,呼延虎,龙文光的心腹卫士，呼延兄弟的老二。,other
《广陵剑》,呼延蛟,龙文光的心腹卫士，呼延兄弟的老三。,other
《广陵剑》,呼延豹,龙文光的心腹卫士，呼延兄弟的老四。,other
《广陵剑》,潘力宏,红崖坡的盗魁。,other
《广陵剑》,章铁夫,原绵衣卫指挥，现是龙府总教头。,other
《广陵剑》,铁广,新任的毒龙帮帮主，铁敖之弟。,other
《广陵剑》,令狐雍,龙文光礼聘的高手。,other
《广陵剑》,濮阳昆吾,瓦剌四大高手之首。,other
《广陵剑》,萨天照,瓦剌四大高手之一。,other
《广陵剑》,贺兰健,瓦剌四大高手之一。,other
《广陵剑》,麻大哈,瓦剌四大高手之一。,other
《广陵剑》,弥罗法师,瓦剌国师。,other
《广陵剑》,大吉,弥罗法师的大徒弟。,other
《广陵剑》,大休,弥罗法师的二徒弟。,other
《广陵剑》,长孙兆,瓦剌贝勒，弥罗法师的关门弟子。,other
《广陵剑》,穆士杰,御林军统领。,other
《广陵剑》,符坚城,大内总管，“大内第一高手”。,other
《广陵剑》,诸宏,御林军高手。,other
《广陵剑》,方禺,御林军高手。,other
《广陵剑》,郭师道,北京富户，原是大盗出身。,other
《广陵剑》,麦武威,淮阳帮帮主。,other
《广陵剑》,殷纪,殷天鉴之孙。,other
《广陵剑》,巫三娘子,巫山帮帮主，铁广、巫山云之妻，巫秀云的继母。,other
《广陵剑》,东门壮,蒙汉混血儿，武林高手。,other
《广陵剑》,阎宗保,阎王帮大头领。,other
《广陵剑》,王宗允,阎王帮二头领。,other
《广陵剑》,官宗耀,阎王帮三头领。,other
《广陵剑》,殷豪,殷纪之子。,other
《广陵剑》,尚和阳,铁琵琶门的创派祖师，尚宝山的叔父。,other
《广陵剑》,司空阔,东海龙王，纵横东海的海盗首领。,other
《广陵剑》,淳于通,“武林申公豹”。,other
《广陵剑》,夏一成,太湖三十六家寨主之一。,other
《广陵剑》,史锵,太湖三十六家寨主之一。,other
《广陵剑》,南宫鼎,“大力神”，司空阔的副手。,other
《广陵剑》,柳树庄,剑术大名家。,other
《广陵剑》,柳摇风,柳树庄之子，采花贼。,other
《广陵剑》,孟兰君,“艳罗刹”，柳树庄之妻。,other
《广陵剑》,赫天德,右贤王手下的第一号武士。,other
《广陵剑》,慕容圭,右贤王派出的卧底奸细。,other
《广陵剑》,四、提到人物,,other
《广陵剑》,云重,正统年间的武状元、御林军统领。,other
《广陵剑》,云蕾,张丹枫之妻，云重之妹。,other
《广陵剑》,乔北溟,四十年前“天下第一魔头”。,other
《广陵剑》,周健,老金刀寨主，原明朝雁门关总兵。,other
《广陵剑》,赤霞道人,“四大魔头”之一。,other
《广陵剑》,龙耀奎,兵部侍郎尚书。,other
《广陵剑》,王振,奸宦。,other
《广陵剑》,赵燕然,冀北人豪，擅击筑。,other
《广陵剑》,韩遂,丘迟之友，韩芷的养父，池梁的师弟。,other
《广陵剑》,毛里垓,瓦剌可汗。,other
《广陵剑》,巴尔塞,瓦剌边关守将。,other
《广陵剑》,葛名扬,葛南威之父，池梁的结义兄弟。,other
《广陵剑》,刘师陀,“阎王敌”。,other
《广陵剑》,殷天鉴,苏州一霸。,other
《广陵剑》,东门望,“东海龙”，宋代武学大师。,other
《广陵剑》,王翠羽,王元振之女。,other
《广陵剑》,郭长青,昆仑剑客。,other
《广陵剑》,张大腿,殷纪手下最好的车夫。,other
《广陵剑》,巫山云,巫山帮帮主。,other
《广陵剑》,马大猷,扬州丐帮分舵舵主。,other
《广陵剑》,韩劲功,“巢湖双杰”的老大，韩劲宏之兄。,other
《广陵剑》,杜谋,跳马涧大寨主。,other
《广陵剑》,萨一刀,关东马贼。,other
《广陵剑》,谷凌峰,天下第一的妙手神偷。,other
《广陵剑》,年大旗,丐帮副舵主。,other
《广陵剑》,粘布达,瓦剌右贤王的管家。,other
《广陵剑》,风天扬,“风云雷电”中的“风”，南宋侠客。,other
《广陵剑》,云中燕,“风云雷电”中的“云”，风天扬之妻，蒙古公主。,other
《广陵剑》,凌铁威,“轰天雷”，“风云雷电”中的“雷”，南宋侠客。,other
《广陵剑》,耿电,“闪电剑”，“风云雷电”中的“电”，南宋侠客。,other
《风云雷电》,风天扬,“黑旋风”，屠百城之徒。,main
《风云雷电》,云中燕,蒙古名“贝尔卜丽姬”，成吉思汗的孙女，蒙古公主。,main
《风云雷电》,凌铁威,“轰天雷”，凌浩之子，秦虎啸之徒。,main
《风云雷电》,耿电,“闪电手”，耿照之子。,main
《风云雷电》,吕玉瑶,吕东岩之女。,main
《风云雷电》,杨浣青,“小魔女”，杨雁声之女，檀羽冲之徒，耿电的未婚妻。,main
《风云雷电》,孟青河,洛阳虎威镖局的总镖头。,other
《风云雷电》,方震,洛阳虎威镖局的镖师。,other
《风云雷电》,杨大熊,康元弼的护院，胡轩的师侄。,other
《风云雷电》,玄经道人,归元寺的道长。,other
《风云雷电》,檀羽冲,“武林天骄”，金国贝子，“金国三大高手”之一。,other
《风云雷电》,陆昆仑,丐帮帮主。,other
《风云雷电》,秦虎啸,梁山好汉秦明的后人。,other
《风云雷电》,秦龙飞,秦虎啸之子。,other
《风云雷电》,时一现,梁山好汉时迁的后人，天下第一神偷。,other
《风云雷电》,李思南,北五省绿林盟主。,other
《风云雷电》,褚云峰,李思南的得力手下。,other
《风云雷电》,谷涵虚,李思南的得力手下，褚云峰的师弟。,other
《风云雷电》,孟明霞,孟少刚之女，褚云峰之妻。,other
《风云雷电》,严浣,川西女侠，谷涵虚之妻。,other
《风云雷电》,屠凤,屠百城之女，琅玡山寨主。,other
《风云雷电》,石璞,屠凤的丈夫。,other
《风云雷电》,吕东岩,浙东青田的名武师。,other
《风云雷电》,凌浩,梁山好汉凌振的后人。,other
《风云雷电》,冬梅,吕东岩家的丫头。,other
《风云雷电》,赵岳,吕东岩的大弟子。,other
《风云雷电》,华岱,吕东岩的二弟子。,other
《风云雷电》,吕刚,吕东岩的三弟子。,other
《风云雷电》,周应,吕东岩的四弟子。,other
《风云雷电》,蒋中平,为吕东岩祝寿的宾客。,other
《风云雷电》,叶元章,点苍医隐。,other
《风云雷电》,萧欣圣,青城名宿。,other
《风云雷电》,孟霆,虎威镖局的总镖头。,other
《风云雷电》,明慧公主,成吉思汗的小女儿，云中燕的姑姑，痴恋李思南二十多年。,other
《风云雷电》,小桂子,秦虎啸的小弟子。,other
《风云雷电》,小程子,娄人俊家中的长工。,other
《风云雷电》,杨守义,青龙帮“四大金刚”中的老大。,other
《风云雷电》,罗浩威,青龙帮“四大金刚”中的老三。,other
《风云雷电》,王鹏运,青龙帮“四大金刚”中的老四。,other
《风云雷电》,龙沧波,青龙帮帮主，原是耿照的部将。,other
《风云雷电》,华谷涵,“笑傲乾坤”，柳清瑶的丈夫。,other
《风云雷电》,杜复,金鸡岭的大头目。,other
《风云雷电》,李益寿,西凉总管，西夏皇弟。,other
《风云雷电》,耶律元宜,辽国抗金的义军首领。,other
《风云雷电》,杜还,“冀北双雄”之一。,other
《风云雷电》,康彻,“冀北双雄”之一。,other
《风云雷电》,赵同,“陕中双煞”之一。,other
《风云雷电》,仇异,“陕中双煞”之一。,other
《风云雷电》,叶赫,李学松的弓箭师父。,other
《风云雷电》,李学松,李益寿之子。,other
《风云雷电》,李芷芳,李益寿之女，李学松之妹。,other
《风云雷电》,王吉,青龙帮弟子。,other
《风云雷电》,李平化,李学松的家将。,other
《风云雷电》,李延寿,李益寿的疏堂兄弟。,other
《风云雷电》,赫连清霞,耶律元宜之妻，赫连清云之妹。,other
《风云雷电》,赵武仲,孟霆的三徒弟。,other
《风云雷电》,归伯奎,孟霆的大徒弟。,other
《风云雷电》,林重,梁山好汉林冲的孙子。,other
《风云雷电》,木华黎,蒙古神翼营统领，金帐武士。,other
《风云雷电》,孟铸,孟霆的长子。,other
《风云雷电》,孟印,孟霆的次子。,other
《风云雷电》,马如龙,天马镖局的老镖头。,other
《风云雷电》,邓君山,震远镖局的老镖头。,other
《风云雷电》,薛兆,大都的名武师，马如龙之友。,other
《风云雷电》,梅锷,沧海梅花拳的掌门人。,other
《风云雷电》,赵斌,虎威镖局的股东之一，赵武仲之父。,other
《风云雷电》,刘博,虎威镖局的新任总镖局。,other
《风云雷电》,符强,金国御林军军官。,other
《风云雷电》,谢康,京兆尹衙门的老捕头。,other
《风云雷电》,梅清和,“老少双侠”之一，梅锷之侄。,other
《风云雷电》,杜长青,“老少双侠”之一，杜玉门之叔。,other
《风云雷电》,杜玉门,追魂剑的掌门人。,other
《风云雷电》,马淳,马展之子。,other
《风云雷电》,石青,崆峒派弟子。,other
《风云雷电》,罗大虎,海砂帮弟子。,other
《风云雷电》,梁存孝,保定武师。,other
《风云雷电》,邓铣,精武门拳师。,other
《风云雷电》,金亦坚,游龙帮弟子。,other
《风云雷电》,李向华,青城派弟子。,other
《风云雷电》,罗宏,罗汉拳的名手。,other
《风云雷电》,向奎,天马镖局的镖师，罗宏之友。,other
《风云雷电》,丁一鸣,大都的名武师。,other
《风云雷电》,尚维武,大都的名武师。,other
《风云雷电》,完颜璧,完颜长之之女。,other
《风云雷电》,鄂卜苏,满族人，滦河知名的大夫。,other
《风云雷电》,邵洛川,丐帮六代弟子。,other
《风云雷电》,三、反派人物,,other
《风云雷电》,胡轩,“崆峒三煞”之一，崆峒派名宿。,other
《风云雷电》,年大成,“崆峒三煞”之首，胡轩的师兄。,other
《风云雷电》,石错,山西大同府石家庄的庄主。,other
《风云雷电》,石元,山西大同府石家庄的二庄主，后投靠金国御林军。,other
《风云雷电》,黑龙禅师,关外长白山的高手。,other
《风云雷电》,呼延豹,独脚大盗，完颜长之的手下。,other
《风云雷电》,独孤雄,关外牧场场主，完颜长之的手下。,other
《风云雷电》,完颜长之,金国皇叔，御林军统领，“金国三大高手”之一。,other
《风云雷电》,连浩明,“判官神笔”，第一点穴高手。,other
《风云雷电》,丘大成,吕玉瑶的表哥，后投靠完颜长之。,other
《风云雷电》,年震山,“黑鹰”，独行大盗。,other
《风云雷电》,赵登禹,年震山之徒。,other
《风云雷电》,龙象法王,蒙古第一高手，蒙古国师。,other
《风云雷电》,乌蒙,龙象法王的大弟子，金帐武士。,other
《风云雷电》,卓合图,蒙古摔角好手，金帐武士。,other
《风云雷电》,娄人俊,娄家庄庄主，年震山的师弟。,other
《风云雷电》,张彩玉,娄人俊之妻。,other
《风云雷电》,娄英豪,娄人俊之子。,other
《风云雷电》,白坚武,青龙帮“四大金刚”的老二，后变节。,other
《风云雷电》,萨怒穷,娄人俊的师兄。,other
《风云雷电》,金七,金国军官。,other
《风云雷电》,翦长春,金国御林军副统领，“御林军三大高手”之一。,other
《风云雷电》,完颜豪,完颜长之之子。,other
《风云雷电》,西门柱石,西门牧野之侄，完颜豪的随从。,other
《风云雷电》,郑友宝,完颜豪的随从。,other
《风云雷电》,拖雷,蒙古元帅。,other
《风云雷电》,端木赐,金国御林军军官。,other
《风云雷电》,朝元道人,黄石道人之徒。,other
《风云雷电》,观照,少林寺的叛徒，四空上人之徒。,other
《风云雷电》,马寡妇,马兴元之妻。,other
《风云雷电》,班建侯,完颜长之的王府总管，“金国御林军三大高手”之一。,other
《风云雷电》,石昆,,other
《风云雷电》,焦霸,“云中双煞”之一。,other
《风云雷电》,褚凡,完颜长之手下的武士。,other
《风云雷电》,金光灿,“金国御林军三大高手”之一。,other
《风云雷电》,宇文化及,龙象法王的三弟子，金帐武士。,other
《风云雷电》,呼韩邪,金帐武士，蒙古有名的剑客。,other
《风云雷电》,巴真,金帐武士，蒙古有名的剑客。,other
《风云雷电》,司空涛,金国御林军中的高手。,other
《风云雷电》,呼延化,金国御林军中的高手。,other
《风云雷电》,辛柔荑,“辛十四姑”，完颜璧之师，曾暗恋韩大维。,other
《风云雷电》,完颜雍,金国皇帝。,other
《风云雷电》,呼图赫,龙象法王的五弟子。,other
《风云雷电》,楚雁行,韦陀门的拳师，曾是黑道中人。,other
《风云雷电》,卜礼青,金国镇守山海关的总兵。,other
《风云雷电》,钱进,窦光枢的手下。,other
《风云雷电》,柴宝,窦光枢的手下。,other
《风云雷电》,卜魁,窦光枢的手下。,other
《风云雷电》,窦光枢,金光灿的师弟。,other
《风云雷电》,无妄上人,龙象法王的师弟。,other
《风云雷电》,旭烈元,金国大内卫士总管。,other
《风云雷电》,四、提到人物,,other
《风云雷电》,康元弼,锦州节度使。,other
《风云雷电》,石攻,山西大同府石家庄的三庄主。,other
《风云雷电》,吴卖乞,当朝宰相。,other
《风云雷电》,史弥远,丞相。,other
《风云雷电》,太丘和尚,“金国三大高手”之一，金国国师。,other
《风云雷电》,金光道长,武当派掌门。,other
《风云雷电》,韩大维,隐居洛阳的武学大师。,other
《风云雷电》,耿照,江南大侠，南宋“飞虎军”总兵。,other
《风云雷电》,秦弄玉,耿照之妻，秦重之女。,other
《风云雷电》,定慧师太,明慧公主之师。,other
《风云雷电》,阿盖,蒙古著名武士，李思南之友。,other
《风云雷电》,小翠,娄人俊家的丫鬟。,other
《风云雷电》,秦重,蓟州名武师。,other
《风云雷电》,李家骏,秦重的大弟子，金鸡岭的头目。,other
《风云雷电》,杨雁声,秦重的二弟子。,other
《风云雷电》,柳清瑶,“蓬莱魔女”，金鸡岭寨主，北五省绿林盟主，华谷涵之妻。,other
《风云雷电》,桑见田,武林前辈。,other
《风云雷电》,桑青虹,桑见田的二女儿，公孙奇之妻。,other
《风云雷电》,公孙奇,桑见田的女婿。,other
《风云雷电》,公孙璞,公孙奇与桑青虹的儿子。,other
《风云雷电》,康灵,康彻之妹，仇异的未婚妻。,other
《风云雷电》,西门牧野,关外大魔头。,other
《风云雷电》,窝阔台,蒙古大汗。,other
《风云雷电》,察合台,成吉思汗之子，云中燕之父。,other
《风云雷电》,赫连青云,檀羽冲之妻。,other
《风云雷电》,黄石道人,白鹤观的主持。,other
《风云雷电》,四空上人,少林寺十八罗汉首座。,other
《风云雷电》,马兴元,横行北五省的盗魁。,other
《风云雷电》,马展,九门提督衙门的总捕头。,other
《风云雷电》,朱九穆,,other
《风云雷电》,陶令威,林重的大徒弟。,other
《风云雷电》,王剑豪,林重的二徒弟。,other
《风云雷电》,石图南,河南名武师，虎威镖局的股东之一。,other
《风云雷电》,檀道雄,檀羽冲之叔，曾任金国兵马大元帅。,other
《风云雷电》,檀世英,檀道雄之子。,other
《风云雷电》,阳天雷,褚云峰、谷涵虚的师伯。,other
《风云雷电》,屠龙,屠百城之子。,other
《风云雷电》,孟少刚,天下第一剑客。,other
《风云雷电》,徐子嘉,虎威镖局四大镖头之一。,other
《风云雷电》,叶云鹤,神医。,other
《风云雷电》,孟七娘,辛柔荑的表妹，曾暗恋韩大维。,other
《风云雷电》,谷啸风,韩大维的女婿。,other
《风云雷电》,谷若虚,谷啸风之父。,other
《风云雷电》,史天铎,南宋水寇。,other
《风云雷电》,柳洞天,李思南的得力手下。,other
《风云雷电》,阮蛟,黄河帮帮主，梁山好汉阮小二的后人。,other
《风云雷电》,杨婉,李思南之妻。,other
《武当一剑》,耿（蓝）玉京,“武当一剑”，武当派少年弟子。,main
《武当一剑》,西门燕,耿玉京情侣，牟一羽妹妹。,main
《武当一剑》,东方亮,西门燕表哥，向天明徒弟。,main
《武当一剑》,牟一羽,牟沧浪儿子，后任武当派掌门。,main
《武当一剑》,蓝水灵,耿玉京姐姐，不悔挂名弟子。,main
《武当一剑》,不歧（戈振军）,原何其武大弟子，后为无相真人关门弟子。,main
《武当一剑》,牟沧浪（无名真人）,原中州大侠，武当俗家弟子，后为武当派第十九代掌门人。,main
《武当一剑》,殷明珠,西门夫人，牟沧浪恋人。,other
《武当一剑》,慧可,少林寺烧火和尚，原“小五义”中老五。,other
《武当一剑》,耿京士,何其武二弟子，耿玉京父亲。,other
《武当一剑》,何玉燕,何其武独生女儿，耿玉京母亲。,other
《武当一剑》,何亮,何其武家老家人。,other
《武当一剑》,蓝靠山,耿玉京养父，蓝水灵父亲。,other
《武当一剑》,蓝大嫂,蓝靠山老婆。,other
《武当一剑》,郭东来,沧州剑客，原“小五义”中老大。,other
《武当一剑》,郭璞（霍卜托）,郭东来儿子。,other
《武当一剑》,无相真人,武当派第十八代掌门。,other
《武当一剑》,无极道人,武当三老之首。,other
《武当一剑》,无量道人,武当三老之二。,other
《武当一剑》,无色道人,武当三老之三。,other
《武当一剑》,不波,无极长老首徒。,other
《武当一剑》,不悔道姑,武当女道士，蓝水灵师父。,other
《武当一剑》,不戒,无相真人大弟子。,other
《武当一剑》,不浮,无色道人三弟子。,other
《武当一剑》,不败,无量道人大弟子。,other
《武当一剑》,不呆,无量道人弟子。,other
《武当一剑》,不破,无量道人三弟子。,other
《武当一剑》,不弱,无量道人四弟子。,other
《武当一剑》,不妄,武当派紫霄宫管事。,other
《武当一剑》,不难,武当派第二代弟子。,other
《武当一剑》,不嗔,武当派第二代弟子。,other
《武当一剑》,不疑,武当派第二代弟子。,other
《武当一剑》,不忧,武当派第二代弟子。,other
《武当一剑》,不惑,武当派第二代弟子。,other
《武当一剑》,悟性,武当派第三代弟子。,other
《武当一剑》,玄通,武当派清虚观中管理杂工的道人。,other
《武当一剑》,向天明,“剑圣”，玄贞子徒弟，东方亮师父。,other
《武当一剑》,痛禅上人,少林寺方丈。,other
《武当一剑》,本无大师,少林寺达摩院首座。,other
《武当一剑》,圆真,少林寺罗汉堂主持，十八罗汉第一位。,other
《武当一剑》,圆性,少林寺十八罗汉第二位。,other
《武当一剑》,圆通,少林寺十八罗汉第十三位。,other
《武当一剑》,圆业,少林寺僧人。,other
《武当一剑》,了凡,少林寺香积厨的主持僧人。,other
《武当一剑》,了缘,少林寺挑水和尚，慧可挂名弟子。,other
《武当一剑》,凤栖梧,陆志诚手下女香主。,other
《武当一剑》,平大嫂,凤栖梧手下。,other
《武当一剑》,泉如镜,甘肃泉家使毒高手。,other
《武当一剑》,米千钟,陕北武师。,other
《武当一剑》,过铁铮,号称“剑神”的巴山剑客，出身崆峒派。,other
《武当一剑》,秦岭云,过铁铮好友。,other
《武当一剑》,鲁顺,一出卖西门燕的客店主人。,other
《武当一剑》,韩翔,断魂谷主，强盗头子。,other
《武当一剑》,班大超,断魂谷副谷主，后背叛韩翔。,other
《武当一剑》,马一同,断魂谷副谷主。,other
《武当一剑》,韩成,韩翔侄儿。,other
《武当一剑》,龙霸天,龙门帮帮主，龙门五霸老大,other
《武当一剑》,殷天德,龙门五霸老二。,other
《武当一剑》,郑天豪,龙门五霸老三。,other
《武当一剑》,李文杰,龙门五霸老四。,other
《武当一剑》,司马操,凤栖梧一仇人，后为龙门五霸老五,other
《武当一剑》,红绡,西门燕家丫鬓。,other
《武当一剑》,紫玉,西门燕家丫鬓。,other
《武当一剑》,三、反派人物,,other
《武当一剑》,王晦闻,原“小五义”中老二，后伪装为服侍无相真人的聋哑道人。,other
《武当一剑》,西门牧,“小五义”中老四。,other
《武当一剑》,常五娘,“青蜂”，唐仲山情妇。,other
《武当一剑》,唐仲山,唐二先生，暗器世家四川唐家二公子。,other
《武当一剑》,陆志诚,“阴间秀才”，原西门牧手下。,other
《武当一剑》,周雄,鲁南的独脚大盗。,other
《武当一剑》,金鼎和,辽东乌鲨镇大渔霸，实为金国奸细。,other
《武当一剑》,廖掌柜,金鼎和手下掌柜。,other
《武当一剑》,英松龄,金鼎和客卿。,other
《武当一剑》,英松龄,金鼎和客卿。,other
《武当一剑》,嘉错法师,红衣番僧，西藏密宗高手。,other
《武当一剑》,韩超,原为西门牧手下，后为金国龙骑军军官。,other
《武当一剑》,齐真君,努尔哈赤的金帐武士之一。,other
《武当一剑》,来保儿,陆志诚手下。,other
《武当一剑》,褚千石,御林军副统领，实为金国内奸。,other
《武当一剑》,赵太康,御林军高级军官，实为金国内奸。,other
《武当一剑》,连横,四笔战八脉连家子侄，黑鲨帮主罗江峰副手。,other
《武当一剑》,四、提到人物,,other
《武当一剑》,达摩禅师,少林武功始祖。,other
《武当一剑》,张三丰,武当派开山祖师。。,other
《武当一剑》,昙宗,唐时助秦王少林十三僧之一。,other
《武当一剑》,牟独逸,武当派第三代俗家掌门人，当时天下第一剑客。,other
《武当一剑》,霍天都,天山派掌门人。,other
《武当一剑》,努尔哈赤,金国可汗。,other
《武当一剑》,幻空真人,上一代武当掌门人，何其武与无量道人的师父。,other
《武当一剑》,金光真人,上任武当掌门人，无相真人师父。,other
《武当一剑》,何其武,两湖大侠，武当俗家弟子。,other
《武当一剑》,丁云鹤,何其武三师弟。,other
《武当一剑》,石铸,震远镖局前总镖头。,other
《武当一剑》,钟柳堂,无极派掌门人。,other
《武当一剑》,玄贞子,昆仑派前代第一剑术高手。,other
《武当一剑》,玄通子,昆仑派前代掌门人。,other
《武当一剑》,石灵子,昆仑派现掌门。,other
《武当一剑》,唐伯山,唐仲山大哥。,other
《武当一剑》,东方晓,东方亮父亲，“小五义”中老三。,other
《武当一剑》,殷丽珠,东方晓夫人，殷明珠姐姐。,other
《武当一剑》,丁六娘,“青蛇”，黑道上一个著名女匪。,other
《武当一剑》,穆盈盈,西门牧情妇，穆家排行第七的女儿。,other
《武当一剑》,罗江峰,黑鲨帮帮主。,other
《武当一剑》,王晦声,王晦闻兄长。,other
《武当一剑》,熊廷弼,明朝辽东经略。,other
《武当一剑》,袁崇焕,明朝宁远守将。,other
《草莽龙蛇传》,丁晓,丁剑鸣儿子。,main
《草莽龙蛇传》,姜凤琼,“红衣女侠”，姜翼贤孙女儿，丁晓妻子。,main
《草莽龙蛇传》,朱红灯（朱聚贤）,义和团创始人，姜翼贤最得意门徒。,main
《草莽龙蛇传》,姜翼贤,梅花剑老掌门。,main
《草莽龙蛇传》,上官瑾,“铁面书生”，朱红灯朋友。,main
《草莽龙蛇传》,陈永传,太极陈，河南陈家沟太极拳高手。,main
《草莽龙蛇传》,柳剑吟,丁剑鸣师兄。,other
《草莽龙蛇传》,丁剑鸣,保定丁派太极门掌门人。,other
《草莽龙蛇传》,金华,丁剑鸣大徒弟。,other
《草莽龙蛇传》,杨振刚,柳剑吟二徒弟。,other
《草莽龙蛇传》,刘希宏,柳剑吟内侄。,other
《草莽龙蛇传》,卓不凡,姜翼贤师弟。,other
《草莽龙蛇传》,陈永承,陈永传二哥。,other
《草莽龙蛇传》,陈保明,陈永承儿子，陈永传侄子。,other
《草莽龙蛇传》,陈保英,陈永传儿子。,other
《草莽龙蛇传》,吴方甫,陈永传表弟。,other
《草莽龙蛇传》,刘黑三,吴方甫徒弟。,other
《草莽龙蛇传》,心如神尼,司空照师姐。,other
《草莽龙蛇传》,司空照,上官瑾师傅。,other
《草莽龙蛇传》,方复汉,上官瑾第一位师傅。,other
《草莽龙蛇传》,翦二先生,蝴蝶掌前辈。,other
《草莽龙蛇传》,韩季龙,两湖名武师。,other
《草莽龙蛇传》,王子铭,大刀会主持人。,other
《草莽龙蛇传》,杜真娘,“艳罗刹”，大刀会女营总头目，上官瑾情侣。,other
《草莽龙蛇传》,李来中,山东义和团代总舵。,other
《草莽龙蛇传》,张德成,山东义和团副总舵。,other
《草莽龙蛇传》,杜赵驴,山东昌邑县义和团总舵。,other
《草莽龙蛇传》,公孙业,终南派武师，浪得虚名。,other
《草莽龙蛇传》,马寿山,陕北回民老英雄。,other
《草莽龙蛇传》,马堡主,碱泉子回民堡堡主。,other
《草莽龙蛇传》,三、反派人物,,other
《草莽龙蛇传》,索善余,保定首富。,other
《草莽龙蛇传》,华元通,索善余襟兄弟。,other
《草莽龙蛇传》,索志超,索善余三儿子。,other
《草莽龙蛇传》,郝七,索家护院。,other
《草莽龙蛇传》,沙鸣远,“千里追风”，清廷鹰犬。,other
《草莽龙蛇传》,沙守义,沙鸣远堂弟，清廷鹰犬。,other
《草莽龙蛇传》,董绍堂,太平天国叛徒，清廷鹰犬。,other
《草莽龙蛇传》,白贞一,清廷鹰犬。,other
《草莽龙蛇传》,焦忠耀,九门提督手下。,other
《草莽龙蛇传》,尚达,清廷鹰犬。,other
《草莽龙蛇传》,熊朗,清廷鹰犬。,other
《草莽龙蛇传》,骆飞龙,“西北三龙”老大，清廷鹰犬。,other
《草莽龙蛇传》,骆白龙,“西北三龙”老二，清廷鹰犬。,other
《草莽龙蛇传》,骆金龙,“西北三龙”老三，清廷鹰犬。,other
《草莽龙蛇传》,童大虎,“西北二虎”老大，清廷鹰犬。,other
《草莽龙蛇传》,童二虎,“西北二虎”老二，清廷鹰犬。,other
《草莽龙蛇传》,王再越,清廷鹰犬。,other
《草莽龙蛇传》,简大熊,陕甘总督手下。,other
《草莽龙蛇传》,多罗喇嘛,清廷鹰犬。,other
《草莽龙蛇传》,达特昌,清廷鹰犬。,other
《草莽龙蛇传》,喀图音,清宫特等巴图鲁。,other
《草莽龙蛇传》,阿摩良,陕甘总督侍卫。,other
《草莽龙蛇传》,铁大鼎,御林军统领。,other
《草莽龙蛇传》,郝天龙,护送索家的武师。,other
《草莽龙蛇传》,郝天豹,护送索家的武师。,other
《草莽龙蛇传》,四、提到人物,,other
《草莽龙蛇传》,晦明神僧,心如神尼、司空照两人师傅。,other
《草莽龙蛇传》,古飞云,直隶点穴名家。,other
《草莽龙蛇传》,钟海平,形意门掌门人。,other
《草莽龙蛇传》,管羽祯,万胜门老掌门人。,other
《草莽龙蛇传》,刘展鹏,万胜门长辈老拳师。,other
《草莽龙蛇传》,刘云英,刘展鹏儿子，万胜门新掌门人。,other
《草莽龙蛇传》,姜正筠,姜凤琼父亲。,other
《草莽龙蛇传》,穆天民,杜真娘前夫。,other
《草莽龙蛇传》,独孤一行,“百爪神鹰”，江湖大侠。,other
《草莽龙蛇传》,娄无畏,柳剑鸣大弟子。,other
《草莽龙蛇传》,马凤姑,回民女英雄，卓不凡情人。,other
《草莽龙蛇传》,马化龙,回族白山教教主。,other
《草莽龙蛇传》,屠大胡子,关外马贼。,other
《草莽龙蛇传》,单思南,明代浙江派武术宗师。,other
《草莽龙蛇传》,陈清平,河南陈家沟太极陈前辈。,other
《草莽龙蛇传》,杨露蝉,陈清平关门弟子。,other
《草莽龙蛇传》,杨班侯,杨露蝉儿子。,other
《草莽龙蛇传》,吴全佑,杨露蝉弟子。,other
《草莽龙蛇传》,陈秀峰,广平太极武师。,other
《草莽龙蛇传》,董海公,八卦派高手。,other
《草莽龙蛇传》,萨回回,嘉庆时的回族高人。,other
《草莽龙蛇传》,噶布尔,清宫特等巴图鲁。,other
《草莽龙蛇传》,蒙永真,清廷鹰犬。,other
《草莽龙蛇传》,刘云玉,柳大娘，柳剑吟妻子。,other
《草莽龙蛇传》,曹福田,义和团重要头领。,other
《草莽龙蛇传》,戴树琪,李来中得力手下。,other
《草莽龙蛇传》,董福祥,清军将领，李来中原上司。,other
《草莽龙蛇传》,洪秀全,太平天国天王。,other
《草莽龙蛇传》,石达开,太平天国翼王。,other
《草莽龙蛇传》,杨秀清,太平天国东王。,other
《草莽龙蛇传》,韦昌辉,太平天国北王。,other
《草莽龙蛇传》,陈玉成,太平天国英王。,other
《草莽龙蛇传》,洪宣娇,太平天国女将领。,other
《草莽龙蛇传》,萧三娘,太平天国女将领。,other
《草莽龙蛇传》,洪仁轩,洪秀全兄弟。,other
《草莽龙蛇传》,赖文光,捻军领袖。,other
《草莽龙蛇传》,陈得才,捻军领袖。,other
《草莽龙蛇传》,张宗禹,捻军将领。,other
《草莽龙蛇传》,刘永福,抗法名将。,other
《草莽龙蛇传》,刘三姑,刘永福妹子，红灯照成员。,other
《草莽龙蛇传》,慈禧太后,清西太后。,other
《草莽龙蛇传》,曾国藩,满清大臣。,other
《草莽龙蛇传》,曾国荃,满清大臣。,other
《草莽龙蛇传》,左宗棠,满清大臣。,other
《草莽龙蛇传》,僧格林沁,满清亲王。,other
《草莽龙蛇传》,李鸿章,满清大臣。,other
《草莽龙蛇传》,袁世凯,满清大臣。,other
《草莽龙蛇传》,裕禄,直隶总督。,other
《草莽龙蛇传》,李秉衡,山东巡抚。,other
《草莽龙蛇传》,张汝梅,河南巡抚。,other
《草莽龙蛇传》,毓贤,山东巡抚。,other
《草莽龙蛇传》,夏器通,清科考解元。,other
《龙虎斗京华》,柳剑吟,太极门名拳师。,main
《龙虎斗京华》,娄无畏,柳剑吟弟子。,main
《龙虎斗京华》,柳梦蝶,柳剑吟女儿。,main
《龙虎斗京华》,左含英,柳剑吟三弟子。,main
《龙虎斗京华》,丁剑鸣,太极丁儿子，柳剑吟师弟。,main
《龙虎斗京华》,丁晓,丁剑鸣儿子。,main
《龙虎斗京华》,刘云玉,柳剑吟妻子，柳大娘。,other
《龙虎斗京华》,独孤一行,“百爪神鹰”，老英雄。,other
《龙虎斗京华》,云中奇,原匕首会开山三老之一。,other
《龙虎斗京华》,钟海平,形意拳掌门人。,other
《龙虎斗京华》,刘希宏,刘云玉侄子。,other
《龙虎斗京华》,杨振刚,柳剑吟二弟子。,other
《龙虎斗京华》,金华,丁剑鸣大弟子。,other
《龙虎斗京华》,雷宏,丁剑鸣二弟子。,other
《龙虎斗京华》,太极丁,柳剑吟师父。,other
《龙虎斗京华》,心如神尼,晦明神僧第三代唯一女弟子，柳梦蝶师父。,other
《龙虎斗京华》,慧修,心如神尼记名弟子。,other
《龙虎斗京华》,李家骏,五行拳名家章汉泽弟子。,other
《龙虎斗京华》,何文耀,翦二先生弟子。,other
《龙虎斗京华》,刘云英,山西万胜门掌门，刘云玉弟弟。,other
《龙虎斗京华》,姜凤琼,丁晓妻子。,other
《龙虎斗京华》,上官瑾,江苏“铁面书生”。,other
《龙虎斗京华》,宏真,少林派高手。,other
《龙虎斗京华》,罗焕先,四川打穴名家。,other
《龙虎斗京华》,孙尚明,云南大侠。,other
《龙虎斗京华》,翦二先生,蝴蝶掌前辈。,other
《龙虎斗京华》,韩季龙,西湖名武师。,other
《龙虎斗京华》,陈永承,陈永传二哥。,other
《龙虎斗京华》,杨广达,北京老拳师。,other
《龙虎斗京华》,卓不凡,姜翼贤师弟。,other
《龙虎斗京华》,唐万川,“飞天神猿”，四川唐家高手。,other
《龙虎斗京华》,唐栋材,唐万川叔叔。,other
《龙虎斗京华》,傅图南,武当派武师。,other
《龙虎斗京华》,卢继宗,傅图南弟子。,other
《龙虎斗京华》,古飞云,河南点穴名家，胡一鄂师叔。,other
《龙虎斗京华》,郑三,匕首会小党羽。,other
《龙虎斗京华》,余济万,山东蒲台海阳帮副舵主。,other
《龙虎斗京华》,李来中,朱红灯继承人，义和团第二代总头目。,other
《龙虎斗京华》,张德成,义和团重要头领。,other
《龙虎斗京华》,曹福田,义和团重要头领。,other
《龙虎斗京华》,董二姑,义和团红灯照女头目。,other
《龙虎斗京华》,刘三姑,义和团红灯照女头目，抗法名将刘永福幼妹。,other
《龙虎斗京华》,王虎子,北京义和团首领。,other
《龙虎斗京华》,三、反派人物,,other
《龙虎斗京华》,岳君雄,北京义和团保清派首领，害死柳剑吟主谋。,other
《龙虎斗京华》,噶布尔,大喇嘛，岳君雄方比武主力。,other
《龙虎斗京华》,达什,清廷巴图鲁，清宫特选卫士队长。,other
《龙虎斗京华》,耿卓环,海阳帮大舵主。,other
《龙虎斗京华》,萨奇罕,回族卫士，清廷鹰犬。,other
《龙虎斗京华》,路怀亮,山西路家嫡系子孙，清廷鹰犬。,other
《龙虎斗京华》,宗达陀,西藏喇嘛。,other
《龙虎斗京华》,蒙永真,清宫大内头等卫士。,other
《龙虎斗京华》,胡一鄂,清宫大内头等卫士。,other
《龙虎斗京华》,王再越,清廷鹰犬。,other
《龙虎斗京华》,罗大虎,罗家五虎老大，清廷鹰犬。,other
《龙虎斗京华》,罗二虎,罗家五虎老二，清廷鹰犬。,other
《龙虎斗京华》,罗三虎,罗家五虎老三，清廷鹰犬。,other
《龙虎斗京华》,罗四虎,罗家五虎老四，清廷鹰犬。,other
《龙虎斗京华》,罗五虎,罗家五虎老五，清廷鹰犬。,other
《龙虎斗京华》,严振山,严家兄弟老大，原京城捕头，清廷鹰犬。,other
《龙虎斗京华》,严振海,严家兄弟老二，原京城捕头，清廷鹰犬。,other
《龙虎斗京华》,索善余,保定大士绅。,other
《龙虎斗京华》,索志超,索善余三儿子。,other
《龙虎斗京华》,叶澄清,索家护院武师。,other
《龙虎斗京华》,四、提到人物,,other
《龙虎斗京华》,达摩禅师,中国禅宗第一祖。,other
《龙虎斗京华》,张三丰,太极拳创始人。,other
《龙虎斗京华》,晦明禅僧,一代神僧。,other
《龙虎斗京华》,姜翼贤,梅花拳掌门人。,other
《龙虎斗京华》,管羽祯,万胜门老掌门人。,other
《龙虎斗京华》,刘展鹏,万胜门老拳师，柳剑吟岳父。,other
《龙虎斗京华》,左琏仓,左含英父亲。,other
《龙虎斗京华》,张青渠,嵩阳派第三代掌门。,other
《龙虎斗京华》,章汉泽,五行拳名家。,other
《龙虎斗京华》,桑镜桐,五行拳武师。,other
《龙虎斗京华》,殷鸣皋,云中奇师父。,other
《龙虎斗京华》,陈永传,太极陈，河南陈家沟太极拳高手。,other
《龙虎斗京华》,陈清平,河南陈家沟太极拳祖师。,other
《龙虎斗京华》,杨露蝉,陈清平弟子。,other
《龙虎斗京华》,董期英,河南鹰爪门名家。,other
《龙虎斗京华》,郝永浩,河北鹰爪门名家。,other
《龙虎斗京华》,王小三,柳大娘金鸡村邻居。,other
《龙虎斗京华》,张汉祥,匕首会中人物，刺马故事主角。,other
《龙虎斗京华》,朱红灯,义和团创始人。,other
《龙虎斗京华》,慈禧太后,清西太后。,other
《龙虎斗京华》,戴祺,直隶总督。,other
《龙虎斗京华》,毓贤,山东巡抚。,other
《龙虎斗京华》,袁世凯,满清大臣。,other
《龙虎斗京华》,裕禄,直隶总督。,other
《龙虎斗京华》,聂士成,直隶提督。,other
《龙虎斗京华》,董福祥,清廷将官，李来中原上司。,other
《龙虎斗京华》,刘永福,抗法名将。,other
《龙虎斗京华》,康哲,美国公使。,other
《龙虎斗京华》,西摩尔,美英联军头领。,other
《七剑下天山》,凌未风,“天山七剑”之一，“天山神芒”，原名“梁穆郎”，晦明禅师的关门弟子。,main
《七剑下天山》,桂仲明,“天山七剑”之一，石天成之子，后成为武当北支的开山祖师。,main
《七剑下天山》,冒浣莲,“天山七剑”之一，冒辟疆之女，后嫁与桂仲明。,main
《七剑下天山》,易兰珠,“天山七剑”之一，杨云骢之女。,main
《七剑下天山》,张华昭,“天山七剑”之一，张煌言之子，终南派第三代弟子，后列入武当派门下。,main
《七剑下天山》,武琼瑶,“天山七剑”之一，武元英之女，白发魔女的关门弟子，后嫁与李思永。,main
《七剑下天山》,哈玛雅,“天山七剑”之一，“飞红巾”，“塞外奇侠”之一，回疆各族盟主，白发魔女之徒。,main
《七剑下天山》,刘郁芳,“云锦剑”，“天山之友”，刘精一之女，天地会新任总舵主，凌未风的童年好友。,main
《七剑下天山》,纳兰容若,纳兰明珠之子，著名词人。,main
《七剑下天山》,韩志邦,天地会总舵主，后让位与刘郁芳。,main
《七剑下天山》,李思永,李自成的侄孙。,other
《七剑下天山》,宗达·完真,布达拉宫的喇嘛，清廷新立的活佛。,other
《七剑下天山》,纳兰明慧,纳兰秀吉之女，杨云骢的恋人，多铎的王妃。,other
《七剑下天山》,多铎,鄂亲王。,other
《七剑下天山》,杨云骢,“塞外奇侠”之一，晦明禅师的大徒弟。,other
《七剑下天山》,晦明禅师,一代剑法大宗师，少年时曾是熊延弼的幕客。,other
《七剑下天山》,白发魔女,曾是西北剧盗，卓一航少年时的情侣。,other
《七剑下天山》,傅青主,“无极剑”，终南派老前辈，神医国手。,other
《七剑下天山》,顺治,清朝的开国之君。,other
《七剑下天山》,常英,“丧门神”，天地会首领。,other
《七剑下天山》,程通,“铁塔”，天地会首领。,other
《七剑下天山》,通明和尚,“怪头陀”，鲁王旧部。,other
《七剑下天山》,武元英,终南派名宿，武家庄庄主。,other
《七剑下天山》,武成化,武元英的小儿子。,other
《七剑下天山》,杨一维,天地会中的智囊。,other
《七剑下天山》,华紫山,天地会副舵主。,other
《七剑下天山》,阎中天,康熙的心腹死士。,other
《七剑下天山》,金崖,尚可喜的使者。,other
《七剑下天山》,张青原,李来亨手下将领。,other
《七剑下天山》,蒋壮,张青原的副手。,other
《七剑下天山》,石天成,叶云荪的二徒弟，后拜卓一航为师。,other
《七剑下天山》,竹君,石天成之女，桂仲明之妹。,other
《七剑下天山》,于中,石天成之徒。,other
《七剑下天山》,张元振,“八方刀”，陕西独脚大盗。,other
《七剑下天山》,陶宏,“黑煞神”，陕西独脚大盗。,other
《七剑下天山》,罗达,川北眉山寨主。,other
《七剑下天山》,达三公,石砥土司。,other
《七剑下天山》,卢大楞子,青阳帮舵主，峨嵋派俗家弟子。,other
《七剑下天山》,石大娘,叶云荪之女，石天成之妻。,other
《七剑下天山》,韩荆,川东武林之雄，曾是李定国手下“四杰”之一。,other
《七剑下天山》,贺万方,巧手匠人。,other
《七剑下天山》,朱天木,李定国手下“四杰”之一。,other
《七剑下天山》,杨青波,李定国手下“四杰”之一。,other
《七剑下天山》,孟武威,南京武威镖局的镖头。,other
《七剑下天山》,孟坚,孟武威之子。,other
《七剑下天山》,紫菊,苏州城的歌女。,other
《七剑下天山》,三公主,顺治的三女儿。,other
《七剑下天山》,石振飞,“蹑云剑”，北五省的老镖头，京城武林领袖。,other
《七剑下天山》,辛龙子,卓一航之徒，石天成的师弟。,other
《七剑下天山》,悟性,服侍晦明禅师的香火僧人。,other
《七剑下天山》,麦盖提,杨云骢的盟弟，哈萨克族有名的勇士。,other
《七剑下天山》,伊士达,杨云骢的盟弟，哈萨克族有名的勇士。,other
《七剑下天山》,曼玲娜,麦盖提之妻。,other
《七剑下天山》,孟曼丽丝,孟禄之女，呼克济的恋人。,other
《七剑下天山》,呼克济,哈萨克的酋长。,other
《七剑下天山》,周青,清军世袭武士。,other
《七剑下天山》,马方,回人，清军卫士。,other
《七剑下天山》,玄真,武当掌门，黄叶道人之徒。,other
《七剑下天山》,何绿华,白石道人之女。,other
《七剑下天山》,玄通,玄真的师弟。,other
《七剑下天山》,玄觉,玄真的师弟。,other
《七剑下天山》,三、反派人物,,other
《七剑下天山》,纽祜卢,“铁掌”，多铎的师叔，齐真君之徒。,other
《七剑下天山》,楚昭南,“游龙剑”，晦明禅师的二徒弟，吴三桂的“王府三杰”之一，后成为清廷禁卫军统领。,other
《七剑下天山》,玄烨,康熙皇帝，顺治之子。,other
《七剑下天山》,张承斌,禁卫军副统领兼神策营总管。,other
《七剑下天山》,吴三桂,“平西王”，引清兵入关的大汉奸。,other
《七剑下天山》,张天蒙,吴三桂的心腹，“王府三杰”之一。,other
《七剑下天山》,古天亮,河南点穴名家，大内高手。,other
《七剑下天山》,郝大绶,大内卫士。,other
《七剑下天山》,邱东洛,齐真君的三徒弟。,other
《七剑下天山》,张魁,,other
《七剑下天山》,彭昆林,,other
《七剑下天山》,郝继明,,other
《七剑下天山》,保柱,吴三桂的虎将。,other
《七剑下天山》,范铮,吴三桂的“王府三杰”之一。,other
《七剑下天山》,焦霸,“八臂哪吒”，大内卫士。,other
《七剑下天山》,张一虎,葛中龙的大徒弟，五龙帮的首领。,other
《七剑下天山》,李二豹,葛中龙的二徒弟，五龙帮的首领。,other
《七剑下天山》,赵三麒,葛中龙的三徒弟，五龙帮的首领。,other
《七剑下天山》,钱四麟,葛中龙的四徒弟，五龙帮的首领。,other
《七剑下天山》,唐五熊,葛中龙的五徒弟，五龙帮的首领。,other
《七剑下天山》,洪涛,川陕总督府的卫士。,other
《七剑下天山》,焦直,川陕总督府的卫士。,other
《七剑下天山》,王刚,大内高手。,other
《七剑下天山》,申天虎,大内高手。,other
《七剑下天山》,申天豹,大内高手，申天虎之弟。,other
《七剑下天山》,郝飞凤,“人妖”，“江北三魔”之首，铁扇帮香主。,other
《七剑下天山》,沙无定,“江北三魔”之一。,other
《七剑下天山》,柳大雄,“江北三魔”之末。,other
《七剑下天山》,尚云亭,铁扇帮帮主。,other
《七剑下天山》,陆明,纳兰明珠府中的武士。,other
《七剑下天山》,陆亮,纳兰明珠府中的武士，陆明之弟。,other
《七剑下天山》,胡天柱,禁卫军高手。,other
《七剑下天山》,成天挺,“铁笔判官”，内廷侍卫第一高手。,other
《七剑下天山》,郑铁牌,内廷侍卫。,other
《七剑下天山》,齐真君,长白山派开山祖师，清宫侍卫统领。,other
《七剑下天山》,柳西岩,齐真君之徒。,other
《七剑下天山》,刁四福,,other
《七剑下天山》,郑大锟,成天挺的副手。,other
《七剑下天山》,连三虎,成天挺的副手。,other
《七剑下天山》,孟禄,喀达尔族的酋长。,other
《七剑下天山》,天蒙禅师,天龙禅师的师弟。,other
《七剑下天山》,孟山,孟禄之子。,other
《七剑下天山》,天雄上人,天蒙禅师的师弟。,other
《七剑下天山》,桑乾,“西域三妖”中的大妖。,other
《七剑下天山》,桑弧,“西域三妖”中的二妖。,other
《七剑下天山》,桑仁,“西域三妖”中的三妖。,other
《七剑下天山》,四、提到人物,,other
《七剑下天山》,纳兰秀吉,杭州总兵。,other
《七剑下天山》,多尔衮,顺治的叔父。,other
《七剑下天山》,卓一航,武当名宿，数十年前的武当掌门。,other
《七剑下天山》,冒辟疆,明末清初的大名士。,other
《七剑下天山》,董小宛,江南才女，冒辟疆的侍姬，顺治的贵妃。,other
《七剑下天山》,洪承畴,,other
《七剑下天山》,吴梅村,诗人，先帝宠爱的文学侍丛之臣。,other
《七剑下天山》,张煌言,抗清名将，统率鲁王全军的主帅。,other
《七剑下天山》,张名振,拥立鲁王的抗清军民。,other
《七剑下天山》,陈锦,多铎麾下的大将。,other
《七剑下天山》,刘精一,鲁王部下的大将。,other
《七剑下天山》,单思南,明代剑术名家，傅青主的师兄，刘郁芳的义父。,other
《七剑下天山》,纳兰明珠,当朝宰相。,other
《七剑下天山》,尚可喜,“平南王”，降清的明朝叛臣。,other
《七剑下天山》,耿仲明,“靖南王”，降清的明朝叛臣。,other
《七剑下天山》,耿精忠,耿仲明之孙，继承“靖南王”之位。,other
《七剑下天山》,尚之信,尚可喜之子。,other
《七剑下天山》,赵良栋,川陕总督。,other
《七剑下天山》,达摩,南北朝时期自印度来华的高僧，“禅宗”的创立者。,other
《七剑下天山》,李本深,安西将军。,other
《七剑下天山》,朱国治,云南巡抚。,other
《七剑下天山》,李来亨,率领李自成残部的总头目，李锦的养子，李思永之兄。,other
《七剑下天山》,李锦,李自成的侄儿。,other
《七剑下天山》,桂天澜,李定国手下“四杰”之一，桂仲明的养父，叶云荪的大徒弟。,other
《七剑下天山》,罗森,四川巡抚。,other
《七剑下天山》,葛中龙,滇南老武师。,other
《七剑下天山》,吴世璠,吴三桂之孙。,other
《七剑下天山》,叶云荪,川中大侠。,other
《七剑下天山》,李定国,张献中手下大将。,other
《七剑下天山》,孙可望,张献中手下大将，后降清。,other
《七剑下天山》,张献忠,李自成的结义兄弟。,other
《七剑下天山》,洪四把子,申天虎、申天豹之师。,other
《七剑下天山》,熊延弼,明朝辽东经略。,other
《七剑下天山》,朱由榔,桂王，明神宗之孙。,other
《七剑下天山》,天龙禅师,西藏天龙派的开山祖师。,other
《七剑下天山》,黄叶道人,卓一航的师叔,other
《七剑下天山》,白石道人,卓一航的师叔,other
《七剑下天山》,王辅臣,吴三桂的大将。,other
《七剑下天山》,祺祯,三公主的大姐夫。,other
《七剑下天山》,唐努,罗布族老英雄，哈玛雅之父。,other
《七剑下天山》,押不卢,草原歌手，曾是哈玛雅的恋人，后叛变降清。,other
《七剑下天山》,格钦努,一等侍卫总管。,other
《七剑下天山》,无住禅师,,other
《七剑下天山》,呼图努克,清军大将。,other
《七剑下天山》,格济,成亲王，清军统帅。,other
《七剑下天山》,允禵,康熙第十四子。,other
《七剑下天山》,吴汉槎,顾梁汾、纳兰容若之友。,other
《七剑下天山》,顾梁汾,吴汉槎、纳兰容若之友,other
《七剑下天山》,博济,清军将领。,other
《七剑下天山》,王栋,,other
《七剑下天山》,张材,,other
《女帝奇英传》,李逸,“天山剑客”，李建成之孙，尉迟炯之徒。,main
《女帝奇英传》,武玄霜,武则天的侄女，裴琼香之徒。,main
《女帝奇英传》,上官婉儿,上官庭芝之女，上官均量之徒，后成为武则天的记室。,main
《女帝奇英传》,长孙璧,长孙均量之女，李逸之妻。,main
《女帝奇英传》,武曌,武则天，中国第一个女皇帝。,main
《女帝奇英传》,长孙泰,长孙均量之子，长孙璧之兄，后成为禁卫军军官。,other
《女帝奇英传》,长孙均量,“四大剑客”之一，前朝老臣，曾做过御前检点，不满武则天而隐居。,other
《女帝奇英传》,郑温,御史大夫，长孙均量之友。,other
《女帝奇英传》,李元,保护郑温的镖师。,other
《女帝奇英传》,李贤,废太子，武则天的次子。,other
《女帝奇英传》,张老三,村民。,other
《女帝奇英传》,马元通,“巴山耕隐”。,other
《女帝奇英传》,孟秋元,河南卫城的庄主。,other
《女帝奇英传》,谷神翁,前任武林盟主，尉迟炯的八拜之交，“四大剑客”之一。,other
《女帝奇英传》,雄巨鼎,“赛元霸”，山东饮马川的寨主。,other
《女帝奇英传》,东方白,“阎王扇”。,other
《女帝奇英传》,黄鹤道人,洛阳白马观观主。,other
《女帝奇英传》,青松道人,黄鹤道人的师弟。,other
《女帝奇英传》,阳镜明,太湖隐侠。,other
《女帝奇英传》,朱冠吾,参加英雄大会的群雄之一。,other
《女帝奇英传》,明珠,武玄霜的丫环。,other
《女帝奇英传》,如意,武玄霜的丫环。,other
《女帝奇英传》,龙绍圣,谷神翁之徒。,other
《女帝奇英传》,单天雄,洪泽帮帮主。,other
《女帝奇英传》,农家逸,归云庄主。,other
《女帝奇英传》,符不疑,“四大剑客”之首。,other
《女帝奇英传》,狄仁杰,一代名臣，曾做过大理丞。,other
《女帝奇英传》,郑十三娘,上官婉儿之母。,other
《女帝奇英传》,夏侯坚,“金针国手”，裴琼香的知己。,other
《女帝奇英传》,张之奇,“病尉迟”，应试神武营卫士的少年武士。,other
《女帝奇英传》,章大缓,龙骑都尉。,other
《女帝奇英传》,李明之,原名“黑齿明之”，神武营都尉。,other
《女帝奇英传》,秦堪,神武营三大高手之一。,other
《女帝奇英传》,张挺,神武营三大高手之一。,other
《女帝奇英传》,西门霸,神武营三大高手之一。,other
《女帝奇英传》,白元化,神武营卫士。,other
《女帝奇英传》,巴康,维族人。,other
《女帝奇英传》,李希敏,李逸之子，后来成为名满天下的大侠。,other
《女帝奇英传》,裴叔度,裴琼香之侄，武玄霜的师兄。,other
《女帝奇英传》,卡洛丝,突厥一属国的公主。,other
《女帝奇英传》,沙尔海,卡洛丝的情人。,other
《女帝奇英传》,鲁哈扎儿,突厥御前巴图鲁。,other
《女帝奇英传》,默啜,突厥太师。,other
《女帝奇英传》,昌钦,吐蕃喇嘛。,other
《女帝奇英传》,宇文清,长安西门校尉。,other
《女帝奇英传》,三，反派人物,,other
《女帝奇英传》,恶行者,天恶道人之徒，毒观音的师兄。,other
《女帝奇英传》,毒观音,天恶道人之徒。,other
《女帝奇英传》,程务甲,丘神勋帐下的左军都尉，程务挺的兄弟。,other
《女帝奇英传》,韩荣,丘神勋帐下先行官。,other
《女帝奇英传》,天恶道人,“域外三凶”之一。,other
《女帝奇英传》,程通,裴炎的家丁。,other
《女帝奇英传》,裴昌,裴炎之弟。,other
《女帝奇英传》,熊白山,裴炎的管家，绿林大盗出身。,other
《女帝奇英传》,周大年,湖南新化县名武师，后成为太平公主的心腹武士。,other
《女帝奇英传》,崔仲元,谢补之的首徒，后成为太平公主的心腹武士。,other
《女帝奇英传》,南宫尚,长孙均量的世侄，伏虎帮副帮主。,other
《女帝奇英传》,程达苏,伏虎帮帮主。,other
《女帝奇英传》,程建男,程达苏之子，后投靠武承嗣。,other
《女帝奇英传》,去孽,俗名“杨钊”，伏虎帮的喽罗，后升为小头目。,other
《女帝奇英传》,武承嗣,魏王，武则天之侄，武玄霜的堂兄。,other
《女帝奇英传》,祝见章,武承嗣的亲信。,other
《女帝奇英传》,封牧野,武承嗣的亲信。,other
《女帝奇英传》,灭度神君,“域外三凶”之一。,other
《女帝奇英传》,百忧上人,“域外三凶”之一，突厥国师。,other
《女帝奇英传》,阳太华,百忧上人的首徒，后投靠武承嗣。,other
《女帝奇英传》,恰克图,突厥大汗的卫士队长。,other
《女帝奇英传》,菩提上人,突厥第一高手。,other
《女帝奇英传》,麻翼赞,吐谷浑剑术大师。,other
《女帝奇英传》,喀尔巴,赞普法师。,other
《女帝奇英传》,金冠道人,白马观观主，武承嗣礼聘的高手。,other
《女帝奇英传》,牛布衣,武承嗣礼聘的高手。,other
《女帝奇英传》,崔九霄,魏王府总管。,other
《女帝奇英传》,太平公主,武则天之女。,other
《女帝奇英传》,邹三,盗魁。,other
《女帝奇英传》,刘四,盗魁。,other
《女帝奇英传》,李七,盗魁。,other
《女帝奇英传》,四、提到人物,,other
《女帝奇英传》,王勃,“初唐四杰”之一。,other
《女帝奇英传》,杨炯,“初唐四杰”之一。,other
《女帝奇英传》,卢照龄,“初唐四杰”之一。,other
《女帝奇英传》,骆宾王,“初唐四杰”之一。,other
《女帝奇英传》,王安,上官婉儿家的老仆人。,other
《女帝奇英传》,上官仪,前朝太子太傅、西台侍郎，上官婉儿的祖父。,other
《女帝奇英传》,上官庭芝,前朝宫廷文学侍从，上官婉儿之父。,other
《女帝奇英传》,李弘,武则天的大儿子，先太子。,other
《女帝奇英传》,李显,卢陵王，武则天的三子，后继承武则天的皇位。,other
《女帝奇英传》,李旦,预王，武则天的四子。,other
《女帝奇英传》,陈子昂,,other
《女帝奇英传》,丘神勋,左金吾大将军。,other
《女帝奇英传》,李建成,李世民之兄，李逸的祖父。,other
《女帝奇英传》,李世民,唐太宗。,other
《女帝奇英传》,尉迟炯,“八臂哪咤”，“天山剑客”，“四大剑客”之一，尉迟恭的后人，前朝老臣，不满武则天而隐居。,other
《女帝奇英传》,尉迟恭,唐初开国功臣。,other
《女帝奇英传》,徐敬业,英国公，前朝老将，讨伐武则天的主帅。,other
《女帝奇英传》,李渊,唐高祖。,other
《女帝奇英传》,王彪,王千户之子。,other
《女帝奇英传》,王康,巴州州尹之侄。,other
《女帝奇英传》,张柬之,潞州司马，后升为宰相。,other
《女帝奇英传》,张易之,宸内供奉。,other
《女帝奇英传》,张昌宗,宸内供奉，张易之之弟。,other
《女帝奇英传》,程务挺,大将军，后向徐敬业倒戈。,other
《女帝奇英传》,李孝逸,扬州大总督，李渊的曾孙。,other
《女帝奇英传》,裴炎,中书令，当朝宰相，徐敬业的内应。,other
《女帝奇英传》,武三思,梁王，武则天之侄。,other
《女帝奇英传》,长孙无忌,前朝大臣，国舅。,other
《女帝奇英传》,玄化和尚,,other
《女帝奇英传》,李预,信王，李逸之父。,other
《女帝奇英传》,黑齿常之,江南道总管，李明之之兄。,other
《女帝奇英传》,李治,唐高宗，李世民之子。,other
《女帝奇英传》,谢补之,“八手仙猿”，剑术名家。,other
《女帝奇英传》,袁牧,“八仙剑”。,other
《女帝奇英传》,文成公主,李世民之女，松赞干布之妻。,other
《女帝奇英传》,松赞干布,藏王。,other
《女帝奇英传》,张岑福,凤阁舍人。,other
《女帝奇英传》,岑长倩,宰相。,other
《女帝奇英传》,裴文庆,前朝大臣，官居仆射。,other
《女帝奇英传》,妙玉,水月庵的尼姑。,other
《女帝奇英传》,妙玉,感业寺的尼姑，裴琼香之师。,other
《女帝奇英传》,裴琼香,“优昙神尼”，裴文庆之女，尉迟炯的未婚妻 。,other
《女帝奇英传》,赞普法师,,other
《女帝奇英传》,桓彦范,武则天信任的大臣。,other
《女帝奇英传》,张仁亶,幽州都督。,other
《女帝奇英传》,阎敬容,右羽林卫大将军。,other
《女帝奇英传》,沙吒忠义,吐蕃将领。,other
《女帝奇英传》,莫贺达,突厥求和使者。,other
《女帝奇英传》,窦怀贞,凭藉太平公主势力得官的小人。,other
《女帝奇英传》,萧至忠,凭藉太平公主势力得官的小人。,other
《女帝奇英传》,姚崇,上官婉儿推荐的贤才。,other
《女帝奇英传》,宋璟,上官婉儿推荐的贤才。,other
《女帝奇英传》,武延秀,淮阳王，武承嗣之子。,other
《女帝奇英传》,崔玄暐,上官婉儿推荐的贤才，武则天信任的大臣。,other
《女帝奇英传》,袁恕己,上官婉儿推荐的贤才，武则天信任的大臣。,other
《女帝奇英传》,敬晖,武则天信任的大臣。,other
《龙凤宝钗缘》,段克邪,段珪璋之子，空空儿的师弟。,main
《龙凤宝钗缘》,史若梅（薛红线）,史逸如之女，段克邪的未婚妻。,main
《龙凤宝钗缘》,方辟符,妙慧神尼之侄，磨镜老人的关门弟子。,main
《龙凤宝钗缘》,聂隐娘,聂锋之女，妙慧神尼之徒。,main
《龙凤宝钗缘》,空空儿,天下第一神偷，藏灵子的首徒。,other
《龙凤宝钗缘》,辛芷姑,“无情剑”，空空儿之妻。,other
《龙凤宝钗缘》,楚平原,楚充国之子。,other
《龙凤宝钗缘》,宇文虹霓,宇文扶威之女，后成为师陀国女王。,other
《龙凤宝钗缘》,夏凌霜,南霁云之妻。,other
《龙凤宝钗缘》,杜百英,“金剑青囊”，“小诸葛”，金鸡岭的军师。,other
《龙凤宝钗缘》,铁摩勒,燕山少寨主，牟世杰死后的新绿林盟主。,other
《龙凤宝钗缘》,张伯龙,潞州丐帮副帮主。,other
《龙凤宝钗缘》,春梅,史若梅的丫鬟。,other
《龙凤宝钗缘》,聂锋,博望城镇守使，剑术名家，薛嵩的表弟。,other
《龙凤宝钗缘》,王燕羽,王伯通之女，展元修之妻。,other
《龙凤宝钗缘》,展元修,江湖著名游侠，展龙飞之子。,other
《龙凤宝钗缘》,尉迟北,羽林军副统领，龙骑都尉。,other
《龙凤宝钗缘》,尉迟南,虎牙都尉，尉迟北之弟，尉迟恭的后人。,other
《龙凤宝钗缘》,秦襄,羽林军统领，龙骑都尉。,other
《龙凤宝钗缘》,牟沧浪,扶桑岛岛主，一派武学大宗师，牟世杰的叔父。,other
《龙凤宝钗缘》,辛天雄,金鸡岭寨主。,other
《龙凤宝钗缘》,磨镜老人,铁摩勒、方辟符之师。,other
《龙凤宝钗缘》,李天敖,“铁拐李”，冀北七处山寨的总头目。,other
《龙凤宝钗缘》,董钊,“铁臂金刀”，德高望重的绿林老前辈。,other
《龙凤宝钗缘》,盖天豪,长江南岸的绿林领袖，牟世杰最得力的手下。,other
《龙凤宝钗缘》,雄巨元,伏牛山老寨主。,other
《龙凤宝钗缘》,屠虎,“屠夫”，“南北二刀客”之一，李天敖的副寨主。,other
《龙凤宝钗缘》,李鹏,“南北二刀客”之一，桐柏山寨主。,other
《龙凤宝钗缘》,韩维,“冷面虎”，独脚大盗。,other
《龙凤宝钗缘》,万柳堂,“威镇河朔”，绿林老前辈。,other
《龙凤宝钗缘》,常淦,“赛专诸”，孟洲老英雄。,other
《龙凤宝钗缘》,吕鸿春,“神箭手”，吕鸿秋之兄。,other
《龙凤宝钗缘》,吕鸿秋,“摄魂铃”，吕鸿春之妹。,other
《龙凤宝钗缘》,独孤宇,独孤莹之兄。,other
《龙凤宝钗缘》,独孤莹,独孤宇之妹，公孙大娘之徒。,other
《龙凤宝钗缘》,安定远,虎牙都尉，羽林军第五名高手。,other
《龙凤宝钗缘》,霍都护,羽林军神箭手。,other
《龙凤宝钗缘》,皇甫嵩,“西越神龙”，“江湖三异丐”之一。,other
《龙凤宝钗缘》,卫越,“疯丐”，“江湖三异丐”之一。,other
《龙凤宝钗缘》,焦固,丐帮帮主，皇甫嵩、卫越的师侄。,other
《龙凤宝钗缘》,石青阳,“神掌丐侠”，焦固的师弟。,other
《龙凤宝钗缘》,杨振雄,丐帮长安香堂副香主。,other
《龙凤宝钗缘》,徐辉,丐帮四大长老之一。,other
《龙凤宝钗缘》,乐山,内三堂香主。,other
《龙凤宝钗缘》,李光弼,唐朝大将军。,other
《龙凤宝钗缘》,幻空,青海鄂克沁寺的主持。,other
《龙凤宝钗缘》,卓木伦,奚族王子。,other
《龙凤宝钗缘》,盖天仙,盖天豪之妹，卓木伦之妻。,other
《龙凤宝钗缘》,金清和,金鼎岳之子。,other
《龙凤宝钗缘》,龙成香,辛芷姑的首徒。,other
《龙凤宝钗缘》,长乐公主,唐玄宗之女，李亨之妹，公孙大娘之徒。,other
《龙凤宝钗缘》,杨大雷,饮马川寨主，牟世杰的得力手下。,other
《龙凤宝钗缘》,李怀仙,史思明的旧部，后降唐。,other
《龙凤宝钗缘》,褚遂,王伯通的副手。,other
《龙凤宝钗缘》,褚葆龄,褚良之女。,other
《龙凤宝钗缘》,展伯承,展元修之子。,other
《龙凤宝钗缘》,韩湛,武林名家。,other
《龙凤宝钗缘》,韩芷芬,韩湛之女，铁摩勒之妻。,other
《龙凤宝钗缘》,铁铮,铁摩勒之子。,other
《龙凤宝钗缘》,铁凝,铁摩勒之女，铁铮之妹。,other
《龙凤宝钗缘》,桑石公,东海七十二岛主之一。,other
《龙凤宝钗缘》,萨香贝,伊克昭盟的格格，萨巴之女。,other
《龙凤宝钗缘》,卢石,伊克昭盟第二摔跤好手。,other
《龙凤宝钗缘》,巴山,伊克昭盟第一勇士。,other
《龙凤宝钗缘》,萨巴,伊克昭盟的的王公。,other
《龙凤宝钗缘》,屈突通,拓拔雄的随从，回纥第二高手。,other
《龙凤宝钗缘》,南夏雷,南霁云的长子。,other
《龙凤宝钗缘》,南春雷,南霁云的次子。,other
《龙凤宝钗缘》,南秋雷,南霁云的三女儿。,other
《龙凤宝钗缘》,南冬雷,南霁云的四子。,other
《龙凤宝钗缘》,幻灭,鄂克沁寺的方丈。,other
《龙凤宝钗缘》,幻寂,幻灭的师弟。,other
《龙凤宝钗缘》,三，反派人物,,other
《龙凤宝钗缘》,牟世杰,虬髯客第四代弟子，新绿林盟主。,other
《龙凤宝钗缘》,史朝英,史思明之女，辛芷姑之徒，牟世杰之妻。,other
《龙凤宝钗缘》,薛嵩,潞州节度使，史若梅的养父。,other
《龙凤宝钗缘》,田承嗣,魏博节度使。,other
《龙凤宝钗缘》,羊牧劳,“七步追魂”，田承嗣的客卿。,other
《龙凤宝钗缘》,寇名扬,田承嗣的“外宅男”统领。,other
《龙凤宝钗缘》,柏烈,寇名扬的副手。,other
《龙凤宝钗缘》,郝鹏,采花大盗。,other
《龙凤宝钗缘》,凤振羽,独脚大盗。,other
《龙凤宝钗缘》,宇文垂,焦固的首徒。,other
《龙凤宝钗缘》,精精儿,段克邪的二师兄。,other
《龙凤宝钗缘》,濮阳侯,精精儿的党羽。,other
《龙凤宝钗缘》,柳文湘,“云梦人妖”，采花大贼。,other
《龙凤宝钗缘》,奚炳达,精精儿的党羽。,other
《龙凤宝钗缘》,赵赶驴,丐帮长安香堂副香主。,other
《龙凤宝钗缘》,石垣,丐帮刑堂香主。,other
《龙凤宝钗缘》,韩介,内三堂上堂香主。,other
《龙凤宝钗缘》,马冀,丐帮四大长老之首。,other
《龙凤宝钗缘》,史朝义,伪燕皇帝，史思明之子，史朝英之兄。,other
《龙凤宝钗缘》,灵鹫上人,灵山派的祖师，邪派第一高手。,other
《龙凤宝钗缘》,青冥子,灵鹫上人的首徒。,other
《龙凤宝钗缘》,杜伏威,九城司马。,other
《龙凤宝钗缘》,武维扬,龙骑都尉，宫中宿卫统领。,other
《龙凤宝钗缘》,赫连勃,东海七十二岛主之一，“东海七妖”中名列第四。,other
《龙凤宝钗缘》,拓拔辽,东海七十二岛主之一，“东海七妖”中名列第五。,other
《龙凤宝钗缘》,贺兰蒙,秘魔岛岛主，“东海七妖”中名列第三。,other
《龙凤宝钗缘》,乙辛,回纥著名勇士。,other
《龙凤宝钗缘》,拓拔元,回纥小王爷，拓拔雄的堂兄。,other
《龙凤宝钗缘》,拓拔雄,回纥可汗之弟。,other
《龙凤宝钗缘》,无妄,西藏密宗高手。,other
《龙凤宝钗缘》,无咎,西藏密宗高手。,other
《龙凤宝钗缘》,曲离,回纥第一高手。,other
《龙凤宝钗缘》,四、提到人物,,other
《龙凤宝钗缘》,南霁云,“两大游侠”之一。,other
《龙凤宝钗缘》,张巡,睢阳太守。,other
《龙凤宝钗缘》,安禄山,,other
《龙凤宝钗缘》,段珪璋,“两大游侠”之一。,other
《龙凤宝钗缘》,田麻子,饮马川的绿林强盗。,other
《龙凤宝钗缘》,王伯通,前绿林盟主。,other
《龙凤宝钗缘》,史逸如,大唐进士。,other
《龙凤宝钗缘》,卢夫人,史逸如之妻。,other
《龙凤宝钗缘》,令狐彰,滑州节度使。,other
《龙凤宝钗缘》,妙慧神尼,聂隐娘，史若梅之师。,other
《龙凤宝钗缘》,藏灵子,空空儿、精精儿、段克邪之子。,other
《龙凤宝钗缘》,李阳,治河总管。,other
《龙凤宝钗缘》,尉迟恭,字敬德，唐朝开国元勋。,other
《龙凤宝钗缘》,李世民,唐太宗。,other
《龙凤宝钗缘》,单雄信,瓦岗寨骁将。,other
《龙凤宝钗缘》,秦琼,字叔宝。,other
《龙凤宝钗缘》,虬髯客,隋末唐初的一代武学宗师，扶桑岛的始祖。,other
《龙凤宝钗缘》,铁昆仑,燕山寨主，铁摩勒之父。,other
《龙凤宝钗缘》,窦令侃,前绿林盟主，铁摩勒的义父。,other
《龙凤宝钗缘》,李靖,虬髯客之友。,other
《龙凤宝钗缘》,李渊,唐太祖，李世民之父。,other
《龙凤宝钗缘》,刘文静,虬髯客的太原朋友。,other
《龙凤宝钗缘》,康班侯,虎牙都尉。,other
《龙凤宝钗缘》,杜甫,诗圣。,other
《龙凤宝钗缘》,李白,诗仙。,other
《龙凤宝钗缘》,公孙大娘,天下第一女剑师。,other
《龙凤宝钗缘》,李十二娘,公孙大娘的首徒。,other
《龙凤宝钗缘》,谷大豪,“通臂神拳”，独孤莹的姑丈。,other
《龙凤宝钗缘》,车迟,“酒丐”，“江湖三异丐”之一。,other
《龙凤宝钗缘》,转轮法王,,other
《龙凤宝钗缘》,韦锡杰,丐帮正香主。,other
《龙凤宝钗缘》,史思明,伪燕皇帝。,other
《龙凤宝钗缘》,安庆绪,安禄山之子。,other
《龙凤宝钗缘》,郭子仪,汾阳王。,other
《龙凤宝钗缘》,哈合罕,奚族酋长。,other
《龙凤宝钗缘》,霍大野,丐帮分舵舵主。,other
《龙凤宝钗缘》,令狐潮,史思明的大将。,other
《龙凤宝钗缘》,武则天,周朝皇帝。,other
《龙凤宝钗缘》,狄仁杰,,other
《龙凤宝钗缘》,展龙飞,名震一时的大魔头，灵鹫上人的师弟。,other
《龙凤宝钗缘》,王勃,,other
《龙凤宝钗缘》,金鼎岳,长安十三镖局总镖头。,other
《龙凤宝钗缘》,李亨,唐肃宗。,other
《龙凤宝钗缘》,杨国忠,,other
《龙凤宝钗缘》,唐玄宗,,other
《龙凤宝钗缘》,李铁铮,绿林寨主。,other
《龙凤宝钗缘》,龙腾,绿林寨主。,other
《龙凤宝钗缘》,太平公主,武则天之女。,other
《龙凤宝钗缘》,楚充国,安西都护使。,other
《龙凤宝钗缘》,宇文扶威,师陀国贤王。,other
《龙凤宝钗缘》,褚良,褚遂之子，伏牛山大头目。,other
《龙凤宝钗缘》,雷万春,南霁云的师弟。,other
《龙凤宝钗缘》,松赞干布,藏王。,other
《龙凤宝钗缘》,文成公主,李世民之女，松赞干布之妻。,other
《龙凤宝钗缘》,广德法王,,other
《龙凤宝钗缘》,拓拔赤,回纥兵马大元帅，拓拔元之父。,other
《武林天骄》,檀羽冲,檀道成之子，耶律玄元之徒。,main
《武林天骄》,钟灵秀,钟成器之女。,main
《武林天骄》,赫连清云,赫连清波之妹。,main
《武林天骄》,赫连清波,“玉面妖狐”，完颜长之的义女。,main
《武林天骄》,檀道成,檀公直之子。,other
《武林天骄》,张雪波,张宪之女，檀道成之妻。,other
《武林天骄》,檀公直,金国贝勒，檀科隆之子。,other
《武林天骄》,张炎,张保之子，张雪波的养父。,other
《武林天骄》,耶律玄元,耶律延禧的私生子。,other
《武林天骄》,佟玉桂,耶律玄元家（现在完颜鉴府中）的老花王，张雪波的园艺师傅。,other
《武林天骄》,褚岩,少林俗家弟子，完颜鉴府中的卫士。,other
《武林天骄》,飘香,完颜夫人的心腹丫环。,other
《武林天骄》,娄阿鼠,归云龙的老仆人。,other
《武林天骄》,侯昆,完颜鉴的卫士，伤后成为归云龙的门客。,other
《武林天骄》,田秉单,老拳师。,other
《武林天骄》,向天冲,“京师第一名捕”，原京师应天府衙门总捕头。,other
《武林天骄》,铁一笔,孟天游之徒。,other
《武林天骄》,耶律完宜,耶律延禧之孙。,other
《武林天骄》,王宇庭,太湖七十二家水寨总寨主。,other
《武林天骄》,完颜夫人,姓齐，完颜鉴之妻，耶律玄元少年时的情人。,other
《武林天骄》,文逸凡,“铁笔书生”，江南第一点穴名家。,other
《武林天骄》,钟不鸣,,other
《武林天骄》,崔浩,丐帮临安分舵副舵主。,other
《武林天骄》,风火龙,丐帮刑堂香主，尚昆阳的首徒。,other
《武林天骄》,马天行,丐帮临安分舵舵主。,other
《武林天骄》,丁兆,王宇庭的亲信，西洞庭山的头目。,other
《武林天骄》,焦挺,西洞庭山的三当家。,other
《武林天骄》,石雷,黑石庄庄主。,other
《武林天骄》,刘天化,常州金刀大侠。,other
《武林天骄》,孟宏,西洞庭山的二当家。,other
《武林天骄》,孙仲,常州老武师。,other
《武林天骄》,夏清平,丐帮新任首席长老。,other
《武林天骄》,邓大魁,宜兴武师。,other
《武林天骄》,金哥,赫连清云的表弟。,other
《武林天骄》,三，反派人物,,other
《武林天骄》,呼沙龙,金国二等御前巴图鲁。,other
《武林天骄》,呼沙虎,金国二等御前巴图鲁。,other
《武林天骄》,哈必图,金国一等御前带刀巴图鲁，后升为御林军副统领。,other
《武林天骄》,甘必胜,宋国大内侍卫。,other
《武林天骄》,段精忠,宋国大内侍卫。,other
《武林天骄》,李大成,宋国卫士。,other
《武林天骄》,郑德业,宋国卫士。,other
《武林天骄》,完颜鉴,金国商州节度使，完颜长之之侄。,other
《武林天骄》,车缭,完颜鉴府中的卫士副队长，金国一等巴图鲁。,other
《武林天骄》,帅克殷,“祁连二老”中的老大，完颜鉴礼聘的高手。,other
《武林天骄》,帅克商,“祁连二老”中的老二，完颜鉴礼聘的高手。,other
《武林天骄》,何玉柱,耶律玄元家（现在完颜鉴府中）的花王。,other
《武林天骄》,高占魁,完颜鉴卫队的小队长。,other
《武林天骄》,归云龙,“小孟尝”，归云庄庄主。,other
《武林天骄》,班定山,洛阳虎威镖局总镖头，归云龙的首徒。,other
《武林天骄》,魏连魁,盖天雄手下参将，归云龙的二徒弟。,other
《武林天骄》,归洛英,归云龙之子。,other
《武林天骄》,纽祜禄,完颜长之的侍卫。,other
《武林天骄》,阿尔金,完颜长之的侍卫。,other
《武林天骄》,昆布禅师,迦卢上人的师侄。,other
《武林天骄》,完颜定国,完颜长之之子。,other
《武林天骄》,鲍三娘子,关外女盗，鲍三之妻。,other
《武林天骄》,白云禅师,少林寺叛徒。,other
《武林天骄》,赤松道人,,other
《武林天骄》,金超岳,金国龙骑军副统领。,other
《武林天骄》,檀世英,檀道隆之子。,other
《武林天骄》,史浩,宋国吏部侍郎，秦桧门生。,other
《武林天骄》,南宫造,“南山虎”，完颜长之的门客。,other
《武林天骄》,濮阳刚,完颜长之的门客，濮阳坚之弟。,other
《武林天骄》,濮阳坚,金国大内卫士。,other
《武林天骄》,萨拉汗,金国边关总兵。,other
《武林天骄》,柳元甲,千柳庄庄主。,other
《武林天骄》,四、提到人物,,other
《武林天骄》,岳飞,宋国名将，太子少保。,other
《武林天骄》,檀科隆,金国兵马大元帅。,other
《武林天骄》,兀术,金国四太子。,other
《武林天骄》,秦桧,宋国宰相，金国奸细。,other
《武林天骄》,张保,岳飞的家将。,other
《武林天骄》,王横,岳飞的家将。,other
《武林天骄》,张宪,岳飞的女婿。,other
《武林天骄》,周三畏,宋国大理寺卿。,other
《武林天骄》,韩世忠,宋国大将。,other
《武林天骄》,何铸,宋国中丞。,other
《武林天骄》,万俟卨,宋国御史大夫。,other
《武林天骄》,罗汝揖,宋国御史大夫。,other
《武林天骄》,赵匡胤,宋太祖。,other
《武林天骄》,倪完,监狱官。,other
《武林天骄》,施全,岳飞的心腹将军。,other
《武林天骄》,岳银瓶,岳飞之女，张宪之妻。,other
《武林天骄》,赵构,宋高宗。,other
《武林天骄》,完颜亮,金国皇帝。,other
《武林天骄》,完颜长之,金国兵马大元帅兼御林军统领，金国第一武学高手。,other
《武林天骄》,辛弃疾,宋国名将，耿京的参军。,other
《武林天骄》,耿京,,other
《武林天骄》,檀羽樱,檀道成之女，檀羽冲之妹。,other
《武林天骄》,耶律延禧,辽国末代皇帝。,other
《武林天骄》,鄂尔泰,金国大内总管。,other
《武林天骄》,阿骨打,金国开国皇帝。,other
《武林天骄》,盖天雄,洛阳总兵。,other
《武林天骄》,王麻子,洛阳城卖烟花的。,other
《武林天骄》,迦卢上人,,other
《武林天骄》,鲍三,辽东马贼。,other
《武林天骄》,孟天游,向天冲的师兄。,other
《武林天骄》,史宝官,金国礼部史侍郎之子。,other
《武林天骄》,卢志高,金国大内侍卫，二等巴图鲁。,other
《武林天骄》,张孝祥,号于湖，绍兴二十四年状元。,other
《武林天骄》,柳永,,other
《武林天骄》,秦熹,宋国三品官，秦桧之子。,other
《武林天骄》,汤思退,宋国枢密使。,other
《武林天骄》,檀公义,檀公直的同胞兄弟,other
《武林天骄》,檀道隆,金国兵马副元帅，檀公义的长子。,other
《武林天骄》,尚昆阳,丐帮帮主,other
《武林天骄》,朱丹鹤,丐帮四大长老之一，尚昆阳的师弟。,other
《武林天骄》,常五,西洞庭山的小头目,other
《武林天骄》,心如神尼,,other
《武林天骄》,钟成器,钟不鸣之子。,other
《武林天骄》,赫连清霞,赫连清波、赫连清云之妹。,other
《武林天骄》,华谷涵,“笑傲乾坤”。,other
《武林天骄》,沙老三,新任的京师应天府衙门总捕头，曾是向天冲的副手。,other
《飞凤潜龙》,孟中还,“南海潜龙”，南宋有名剑客。,main
《飞凤潜龙》,独孤飞凤,“冲天凤”，完颜长之的养女，鲁世雄之妻，孟中还的旧时情侣。,main
《飞凤潜龙》,鲁世雄,蒙古间谍。,main
《飞凤潜龙》,班建侯,金国御林军副统领，研经院主持人。,other
《飞凤潜龙》,珠玛,鲁世雄的旧时情侣。,other
《飞凤潜龙》,小龙,鲁世雄与独孤飞凤之子。,other
《飞凤潜龙》,小凤,鲁世雄与独孤飞凤之女，小龙之妹。,other
《飞凤潜龙》,三，反派人物,,other
《飞凤潜龙》,完颜长之,金国第一高手，皇叔，御林军统领。,other
《飞凤潜龙》,完颜定国,完颜长之之子。,other
《飞凤潜龙》,四、提到人物,,other
《飞凤潜龙》,柳元宗,,other
《飞凤潜龙》,德充符,金国第一杏林国手，鲁世雄的大师父。,other
《飞凤潜龙》,德充望,武学名家，德充符之弟，鲁世雄的二师父。,other
《飞凤潜龙》,赵构,当今南宋皇帝。,other
《飞凤潜龙》,赵匡胤,宋太祖，宋国开国之君，“二圣”之一，武学高手。,other
《飞凤潜龙》,赵匡义,宋太宗，“二圣”之一，赵匡胤之弟。,other
《飞凤潜龙》,陈抟,华山隐士，赵匡胤之师。,other
《飞凤潜龙》,杨继业,宋国杨家将。,other
《狂侠天骄魔女》,华谷涵,“笑傲乾坤”，“狂侠”，华紫桐之子。,main
《狂侠天骄魔女》,檀羽冲,“武林头骄”，金国贝子。,main
《狂侠天骄魔女》,柳清瑶,“蓬莱魔女”，北五绿林盟主，柳元宗之女，公孙隐之徒，后成为华谷涵之妻。,main
《狂侠天骄魔女》,耿照,耿仲之子，秦弄玉的表哥。,main
《狂侠天骄魔女》,赫连清云,赫连清波的二妹，后成为檀羽冲之妻。,main
《狂侠天骄魔女》,秦弄玉,耿照的未婚妻。,main
《狂侠天骄魔女》,玉珊瑚,出家时法名妙玉，柳清瑶的丫鬟兼副寨主。,main
《狂侠天骄魔女》,桑青虹,桑见田的小女儿，孟钊之妻，孟钊死后成为公孙奇的第三任妻子。,main
《狂侠天骄魔女》,武士敦,丐帮新任帮主，尚昆阳的关门弟子。,main
《狂侠天骄魔女》,秦重,“金刚手”，秦弄玉之父。,other
《狂侠天骄魔女》,李家骏,秦重的小徒弟，陆玳瑁的表哥。,other
《狂侠天骄魔女》,辛弃疾,字幼安，号稼轩，词人，耿京的记室，耿京死后成为南宋江阴通判。,other
《狂侠天骄魔女》,耿京,天平节度使，耿照之叔。,other
《狂侠天骄魔女》,明珠,柳清瑶的丫鬟。,other
《狂侠天骄魔女》,陆玳瑁,柳清瑶的丫鬟兼副寨主，李家骏的未婚妻。,other
《狂侠天骄魔女》,朱同,赫连清波手下的强盗。,other
《狂侠天骄魔女》,云紫烟,云仲玉之女，武士敦的未婚妻。,other
《狂侠天骄魔女》,公孙隐,风尘隐侠，一代武学宗师。,other
《狂侠天骄魔女》,西门业,“西岐凤”，“四霸天”之一。,other
《狂侠天骄魔女》,东园望,“东海龙”，“四霸天”之首。,other
《狂侠天骄魔女》,桑白虹,桑见田的大女儿，公孙奇的第一任妻子。,other
《狂侠天骄魔女》,宋金刚,“风火轮”，江湖侠客，义军首领。,other
《狂侠天骄魔女》,穆弘,公孙奇的仆人。,other
《狂侠天骄魔女》,马奔,“青海三马”之一。,other
《狂侠天骄魔女》,马驰,“青海三马”之一。,other
《狂侠天骄魔女》,马行,“青海三马”之一。,other
《狂侠天骄魔女》,娄师陀,“彝山双雄”之一。,other
《狂侠天骄魔女》,盘大王,“彝山双雄”之一。,other
《狂侠天骄魔女》,铁大鼎,“关东铁汉”。,other
《狂侠天骄魔女》,杜永良,西川剑客，东园望的首徒。,other
《狂侠天骄魔女》,檀道清,金国御林军统领。,other
《狂侠天骄魔女》,秦浩,耿京军中的骑兵统制，辛弃疾的好友。,other
《狂侠天骄魔女》,李宝,“翻江虎”，“长江两霸”之一，长江水寇的副舵主，后成为虞允文麾下裨将。,other
《狂侠天骄魔女》,虞允文,南宋名将。,other
《狂侠天骄魔女》,赵构,宋高宗。,other
《狂侠天骄魔女》,小眉,卖茶老者的孙女。,other
《狂侠天骄魔女》,王宇庭,“江湖第一暗器高手”，太湖十三家总寨主。,other
《狂侠天骄魔女》,文逸凡,“铁笔书生”，江南新任武林盟主。,other
《狂侠天骄魔女》,赫连清霞,赫连清波的三妹，后成为耶律元宜之妻。,other
《狂侠天骄魔女》,耶律元宜,辽国羽林军副统领之子，金国龙骑都尉，采石矶之战后成为祁连山义军首领。,other
《狂侠天骄魔女》,黑修罗,华谷涵的仆人。,other
《狂侠天骄魔女》,白修罗,华谷涵的仆人，黑修罗的孪生弟弟。,other
《狂侠天骄魔女》,释湛,完颜长之的手下，檀羽冲、古月禅师之友。,other
《狂侠天骄魔女》,马弁,辛弃疾的护兵。,other
《狂侠天骄魔女》,刘直夫,宋国京都留守，刘锜之侄。,other
《狂侠天骄魔女》,上官扶威,宋国宿卫军统领。,other
《狂侠天骄魔女》,韩重山,宋国御前侍卫。,other
《狂侠天骄魔女》,李元冲,丐帮帮主。,other
《狂侠天骄魔女》,孟霆,孟振之子。,other
《狂侠天骄魔女》,萨老大,“萨氏三雄”之一。,other
《狂侠天骄魔女》,萨老二,“萨氏三雄”之一。,other
《狂侠天骄魔女》,萨老三,“萨氏三雄”之一。,other
《狂侠天骄魔女》,柳元宗,“天下第一神医”，当世顶尖武学大师。,other
《狂侠天骄魔女》,慧寂,俗家名檀羽英，檀羽冲之姐，玉珊瑚之师，穆亦欣之妻。,other
《狂侠天骄魔女》,李吉,李宝的堂侄。,other
《狂侠天骄魔女》,王祥,李宝的部下。,other
《狂侠天骄魔女》,吴哥儿,耶律元宜的副帅。,other
《狂侠天骄魔女》,麻翼赞,金国宫门侍卫。,other
《狂侠天骄魔女》,兀赤儿,金国后路将军。,other
《狂侠天骄魔女》,风火龙,尚昆阳的首徒。,other
《狂侠天骄魔女》,明明大师,俗家名匡扶，阳谷山光明寺方丈，武学大师。,other
《狂侠天骄魔女》,龚浩,丐帮八袋弟子之首，鲁阳戈的首徒。,other
《狂侠天骄魔女》,鲁阳戈,丐帮长老，尚昆阳的师兄。,other
《狂侠天骄魔女》,聂金铃,太乙之妻，明明大师少年时的情侣。,other
《狂侠天骄魔女》,石瑛,太乙与聂金铃之女，柳元甲之妻。,other
《狂侠天骄魔女》,陆勉,陆玳瑁之弟，西门业之徒。,other
《狂侠天骄魔女》,桑志,“桑家四老”中的老大，桑家堡总管。,other
《狂侠天骄魔女》,桑行,“桑家四老”中的老二。,other
《狂侠天骄魔女》,顺大娘,檀羽冲的奶妈。,other
《狂侠天骄魔女》,小顺子,顺大娘之子。,other
《狂侠天骄魔女》,桑弘,“桑家四老”中的老三。,other
《狂侠天骄魔女》,桑毅,“桑家四老”中的老四。,other
《狂侠天骄魔女》,碧绢,桑青虹的心腹丫鬓。,other
《狂侠天骄魔女》,蒙天庇,“崆峒二奇”中的老大，乌天柱的师弟。,other
《狂侠天骄魔女》,劳天护,“崆峒二奇”中的老二，蒙天庇、乌天柱的师弟。,other
《狂侠天骄魔女》,弥度,少林寺“十八罗汉”之首。,other
《狂侠天骄魔女》,上官宝珠,青灵师太的养女，杜美珠与上官复之女。,other
《狂侠天骄魔女》,青灵师太,原名杜灵珠，灵山派北支掌门。,other
《狂侠天骄魔女》,桑弃恶,桑青虹与公孙奇之子。,other
《狂侠天骄魔女》,青灵子,太乙的师兄，桑见田、耿仲之友。,other
《狂侠天骄魔女》,铁木真,成吉思汗。,other
《狂侠天骄魔女》,曲山,丐帮大都分舵舵主，鲁阳戈之徒。,other
《狂侠天骄魔女》,焦义,丐帮始兴分舵舵主。,other
《狂侠天骄魔女》,宋巧儿,宋金刚之女，杜永良之妻。,other
《狂侠天骄魔女》,木华黎,蒙古金帐武士。,other
《狂侠天骄魔女》,赤老温,蒙古金帐武士。,other
《狂侠天骄魔女》,速不台,蒙古金帐武士。,other
《狂侠天骄魔女》,周敢,丐帮大都分舵副舵主，鲁阳戈之徒。,other
《狂侠天骄魔女》,冯遂,丐帮大都分舵副舵主，鲁阳戈之徒。,other
《狂侠天骄魔女》,四空上人,西山卧佛寺主持，尚昆阳之友。,other
《狂侠天骄魔女》,仲少符,仲太符之子，四空上人之徒。,other
《狂侠天骄魔女》,班建侯,金国御林军副统领。,other
《狂侠天骄魔女》,上官复,东海扶桑岛岛主。,other
《狂侠天骄魔女》,小牛儿,耿照邻家小孩。,other
《狂侠天骄魔女》,钟小三,石家村牧童。,other
《狂侠天骄魔女》,呼图赫,尊胜法王的关门弟子，呼图博之子。,other
《狂侠天骄魔女》,杜美珠,杜灵珠的孪生妹妹，青灵子之妻，后与上官复私奔。,other
《狂侠天骄魔女》,李长泰,西夏使者。,other
《狂侠天骄魔女》,孟海公,珠宝商，黑修罗之友。,other
《狂侠天骄魔女》,察合公主,西夏公主。,other
《狂侠天骄魔女》,李六如,李长泰之子。,other
《狂侠天骄魔女》,兀赤,铁木真的长子。,other
《狂侠天骄魔女》,察合台,铁木真的次子。,other
《狂侠天骄魔女》,窝阔台,铁木真的三子。,other
《狂侠天骄魔女》,拖雷,铁木真的四子。,other
《狂侠天骄魔女》,珍固和硕别妃,铁木真之女。,other
《狂侠天骄魔女》,阿勒海别妃,铁木真之女。,other
《狂侠天骄魔女》,三，反派人物,,other
《狂侠天骄魔女》,扎合儿,金国蓟城兵马司都监。,other
《狂侠天骄魔女》,察合图,金国一等巴图鲁，扎合儿的副手。,other
《狂侠天骄魔女》,阿骨打,金国御林军高手。,other
《狂侠天骄魔女》,鲁思察,金国御林军高手。,other
《狂侠天骄魔女》,北宫黝,“北芒狗”，“北神鞭”，“四霸天”之末，金国御林军总教头。,other
《狂侠天骄魔女》,赫连清波,“玉面妖狐”，金国郡主，辽国羽林军统领之女，檀道隆的义女，公孙奇的第二任妻子。,other
《狂侠天骄魔女》,紫玉,赫连清波的丫鬟。,other
《狂侠天骄魔女》,沉香,赫连清波的丫鬟。,other
《狂侠天骄魔女》,完颜亮,金国皇帝。,other
《狂侠天骄魔女》,公孙奇,公孙隐之子。,other
《狂侠天骄魔女》,南宫造,“南山虎”，“四霸天”之一，独脚大盗，宗超岱的结拜二弟。,other
《狂侠天骄魔女》,丁立,公孙奇的手下。,other
《狂侠天骄魔女》,孟钊,公孙奇的心腹亲信，孟振之侄，玉珊瑚的童年好友。,other
《狂侠天骄魔女》,刘彪,公孙奇的亲信。,other
《狂侠天骄魔女》,童进,公孙奇的手下。,other
《狂侠天骄魔女》,碧绡,桑青虹的丫鬟。,other
《狂侠天骄魔女》,高出云,桑家堡的高手，林深渊的搭档。,other
《狂侠天骄魔女》,林深渊,桑家堡的高手，高出云的搭档。,other
《狂侠天骄魔女》,鸠罗法师,完颜亮的护驾法师，西藏密宗教祖的师弟。,other
《狂侠天骄魔女》,严佛庵,“活阎罗”，白沙村土霸。,other
《狂侠天骄魔女》,仇彪,“镇三山”，严佛庵府中的教师。,other
《狂侠天骄魔女》,张定国,耿京军中的步兵都尉。,other
《狂侠天骄魔女》,金超岳,“祁连老怪”，金国国师。,other
《狂侠天骄魔女》,樊通,“闹海蛟”，“长江两霸”之一，长江水寇的正舵主，宫超岱、南宫造的结拜三弟。,other
《狂侠天骄魔女》,柳元甲,千柳庄庄主，江南绿林盟主。,other
《狂侠天骄魔女》,龙隐大师,,other
《狂侠天骄魔女》,宫昭文,柳元甲的首徒，后成为金国宫廷卫士。,other
《狂侠天骄魔女》,王俊,宋国禁军都指挥。,other
《狂侠天骄魔女》,竺迪罗,戒日法王，天竺人，吐蕃国师，金菩提寺主持。,other
《狂侠天骄魔女》,宗超岱,飞龙岛主，后成为桑家堡新总管，南宫造、樊通的结拜兄长。,other
《狂侠天骄魔女》,完颜长之,金国两大元帅之一，御林军统领，完颜亮之叔。,other
《狂侠天骄魔女》,韩三娘子,樊通的情妇。,other
《狂侠天骄魔女》,哈尔盖,金国前路指挥使，龙骑将军。,other
《狂侠天骄魔女》,檀道雄,金国两大元帅之一，济亲王，内廷侍卫长，檀世英、檀羽冲之叔。,other
《狂侠天骄魔女》,穆亦欣,金国御林军副统领，明明大师的义子。,other
《狂侠天骄魔女》,太乙,“神驼”，金国新国师。,other
《狂侠天骄魔女》,朱丹鹤,“朱砂索命掌”，金国奸细，丐帮三位长老之一，尚昆阳的师弟。,other
《狂侠天骄魔女》,刘滔,刘侃之弟。,other
《狂侠天骄魔女》,檀世英,金国新任御林军副统领，檀羽冲的堂弟。,other
《狂侠天骄魔女》,石攻,江湖大盗，公孙奇得力手下。,other
《狂侠天骄魔女》,石错,江湖大盗，公孙奇得力手下，石攻的孪生弟弟。,other
《狂侠天骄魔女》,麻大哈,金国御林军侍卫，朱丹鹤之子，猛鹫上人之徒。,other
《狂侠天骄魔女》,沙衍流,金国御林军队长，少林寺叛徒，弥难之徒。,other
《狂侠天骄魔女》,古云飞,猛鹫上人的首徒。,other
《狂侠天骄魔女》,猛鹫上人,灵山派南支掌门，青灵师太的师弟。,other
《狂侠天骄魔女》,尊胜法王,蒙古国师。,other
《狂侠天骄魔女》,宇文化及,尊胜法王的四弟子，蒙古金帐武士。,other
《狂侠天骄魔女》,乌蒙,尊胜法王的二弟子，蒙古金帐武士。,other
《狂侠天骄魔女》,兀赤,尊胜法王的三弟子。,other
《狂侠天骄魔女》,呼韩邪,尊胜法王的大弟子,other
《狂侠天骄魔女》,苏赫,麻大哈的师弟。,other
《狂侠天骄魔女》,博图,麻大哈的师弟。,other
《狂侠天骄魔女》,金鼎娘,金超岳之女，宫昭文之妻。,other
《狂侠天骄魔女》,萧护,辽国国舅，蒙古派往西夏的奸细。,other
《狂侠天骄魔女》,辛莽原,“冀北神屠”，萧护的护院。,other
《狂侠天骄魔女》,四、提到人物,,other
《狂侠天骄魔女》,耿仲,“蹑云剑”，名震江湖的大侠，为求复国，假意降金。,other
《狂侠天骄魔女》,王安,耿照家的老仆人。,other
《狂侠天骄魔女》,小凤,耿照家的丫鬟。,other
《狂侠天骄魔女》,蒲卢虎,金国大将军。,other
《狂侠天骄魔女》,四空上人,天宁寺的主持。,other
《狂侠天骄魔女》,楚大雄,信州拳师，耿照的外公。,other
《狂侠天骄魔女》,刘豫,金人所立的傀儡。,other
《狂侠天骄魔女》,周邦彦,周美成，北宋词家。,other
《狂侠天骄魔女》,张孝祥,南宋状元，词人。,other
《狂侠天骄魔女》,岳飞,,other
《狂侠天骄魔女》,秦桧,北宋宰相，金国奸细。,other
《狂侠天骄魔女》,王铁枪,沧州义军首领。,other
《狂侠天骄魔女》,李麻子,王铁枪的部下。,other
《狂侠天骄魔女》,云仲玉,南阳武学名家。,other
《狂侠天骄魔女》,无相神尼,云紫烟之师。,other
《狂侠天骄魔女》,娄子义,“铁拐仙”，长安震远镖局总镖头。,other
《狂侠天骄魔女》,霍恭,南阳名武师。,other
《狂侠天骄魔女》,尹冲,洛阳龙门镖局副总镖头。,other
《狂侠天骄魔女》,桑见田,“天下第一魔头，第一使毒高手”，桑家堡老主人。,other
《狂侠天骄魔女》,兀术,金国四太子。,other
《狂侠天骄魔女》,陈世美,,other
《狂侠天骄魔女》,绛烟,柳清瑶的丫鬟。,other
《狂侠天骄魔女》,泰清道人,泰山玉皇观主持。,other
《狂侠天骄魔女》,孟昶,后蜀降王。,other
《狂侠天骄魔女》,柳麻子,跳虎涧寨主。,other
《狂侠天骄魔女》,杨大眼,饮马川寨主。,other
《狂侠天骄魔女》,褚大海,山东义军首领。,other
《狂侠天骄魔女》,杨再兴,岳飞手下勇将。,other
《狂侠天骄魔女》,檀道隆,金国燕云十六州兵马大总管，檀羽冲的党兄。,other
《狂侠天骄魔女》,绿云,柳清瑶的丫鬟。,other
《狂侠天骄魔女》,兀哈赤,金国冀鲁招讨使。,other
《狂侠天骄魔女》,刘锜,南宋大将，江淮制置使。,other
《狂侠天骄魔女》,赵匡胤,宋太祖,other
《狂侠天骄魔女》,赵匡义,宋太祖，赵匡胤之弟。,other
《狂侠天骄魔女》,陈抟,“希夷老祖”，华山隐士，《指元篇》的作者，赵匡胤之师。,other
《狂侠天骄魔女》,魏良臣,宋国宰相，秦桧的党羽之一。,other
《狂侠天骄魔女》,完颜郑嘉努,金国郑亲王。,other
《狂侠天骄魔女》,林和靖,,other
《狂侠天骄魔女》,古月禅师,古月庵方丈。,other
《狂侠天骄魔女》,陈康伯,宋国文臣。,other
《狂侠天骄魔女》,赵佶,宋徽宗，赵构之父。,other
《狂侠天骄魔女》,赵桓,宋钦宗，赵构之兄。,other
《狂侠天骄魔女》,耶律延禧,辽国皇帝。,other
《狂侠天骄魔女》,孟振,绿林大盗。,other
《狂侠天骄魔女》,华紫桐,武学名家，柳元宗之友。,other
《狂侠天骄魔女》,完颜雍,金世宗，完颜亮之弟。,other
《狂侠天骄魔女》,王大信,常州团练使。,other
《狂侠天骄魔女》,尚昆阳,“天下第一掌”，前任丐帮帮主。,other
《狂侠天骄魔女》,三和逸士,武林奇人，桑见田之师，赫连清云、檀羽冲的师祖。,other
《狂侠天骄魔女》,赵固,丐帮八袋弟子。,other
《狂侠天骄魔女》,刘侃,淮北义军首领。,other
《狂侠天骄魔女》,檀道济,金国初期的兵马大元帅，济亲王，金国檀家的先祖。,other
《狂侠天骄魔女》,沙痰子,采花大盗。,other
《狂侠天骄魔女》,无碍禅师,少林寺方丈。,other
《狂侠天骄魔女》,乌天柱,前任崆峒掌门。,other
《狂侠天骄魔女》,柳永,南宋词人。,other
《狂侠天骄魔女》,孙灵飞,“花蝴蝶”，采花贼。,other
《狂侠天骄魔女》,沙凌丘,八卦掌掌门人。,other
《狂侠天骄魔女》,尉迟翠英,沙凌丘之妻。,other
《狂侠天骄魔女》,本虚,少林寺达摩院长老。,other
《狂侠天骄魔女》,本无,少林寺主持。,other
《狂侠天骄魔女》,弥难,少林寺监寺。,other
《狂侠天骄魔女》,百丈禅师,前两代的少林寺掌门 。,other
《狂侠天骄魔女》,达摩,少林寺开山祖师，南北朝来华的天竺高僧。,other
《狂侠天骄魔女》,孟源,管涔义军首领。,other
《狂侠天骄魔女》,项慕白,大同名士。,other
《狂侠天骄魔女》,周方泉,南宋词人。,other
《狂侠天骄魔女》,仲太符,隐居西山的名士，耿仲之友。,other
《狂侠天骄魔女》,呼图博,蒙古武林高手，尊胜法王之友。,other
《狂侠天骄魔女》,高令公,西夏大将。,other
《狂侠天骄魔女》,哲别,蒙古神箭手，金帐武士的首领。,other
《狂侠天骄魔女》,李安全,西夏国君。,other
《狂侠天骄魔女》,拔都,窝阔台之侄。,other
《瀚海雄风》,李思南,新任绿林义军盟主，李希浩之子。,main
《瀚海雄风》,杨婉,李思南的未婚妻，杨滔之妹。,main
《瀚海雄风》,明慧公主,蒙古名阿勒海别姬，铁木真的三女儿，了缘师太的记名弟子。,main
《瀚海雄风》,褚云峰,华天虹之徒。,main
《瀚海雄风》,孟明霞,孟少刚之女。,main
《瀚海雄风》,谷涵虚,耿天风、玉峰道人之徒。,main
《瀚海雄风》,严浣,严声涛之女，孟明霞的表姐，无相神尼之徒，谷涵虚的情侣。,main
《瀚海雄风》,石璞,琅玡山副寨主，屠百城的三徒弟。,main
《瀚海雄风》,屠凤,琅玡山新寨主，屠百城之女，石璞的情侣。,main
《瀚海雄风》,李希浩,韩世忠部将的后人。,other
《瀚海雄风》,谷平阳,“武林双秀”之一，少林派侠客，武学名家。,other
《瀚海雄风》,孟少刚,“神剑”，江南大侠，当今第一剑术高手。,other
《瀚海雄风》,宋铁轮,山东大盗，屠百城的手下，琅玡山副寨主。,other
《瀚海雄风》,柳三娘,山东大盗，屠百城的手下，宋铁轮之妻。,other
《瀚海雄风》,窝阔台,元太宗，铁木真的三子。,other
《瀚海雄风》,术赤,铁木真的长子。,other
《瀚海雄风》,察合台,铁木真的次子。,other
《瀚海雄风》,忽必来,蒙古将领。,other
《瀚海雄风》,者勒蔑,蒙古将领。,other
《瀚海雄风》,速别额台,蒙古将领。,other
《瀚海雄风》,杨滔,杨家将的后人，裴叔度之徒。,other
《瀚海雄风》,阿盖,“草原之鹰”，蒙古有名的猎人、勇士。,other
《瀚海雄风》,卡洛丝,草原著名女歌手，阿盖的未婚妻。,other
《瀚海雄风》,龙刚,屠百城的二徒弟。,other
《瀚海雄风》,柳元宗,名医。,other
《瀚海雄风》,赵赶驴,屠凤手下的头目。,other
《瀚海雄风》,董开山,饮马川寨主。,other
《瀚海雄风》,邓飞,跳虎涧寨主。,other
《瀚海雄风》,胡魁,野猪林寨主。,other
《瀚海雄风》,李旭,瓦岗寨寨主。,other
《瀚海雄风》,胡劲节,淳于周的副寨主。,other
《瀚海雄风》,柳洞天,黑石岗寨主，剑术名家。,other
《瀚海雄风》,崔镇山,辽东独脚大盗，少林派弟子，柳洞天之友。,other
《瀚海雄风》,周镇海,崔镇海的师弟。,other
《瀚海雄风》,卜图南,“多臂猿”。,other
《瀚海雄风》,春兰,屠凤的贴身侍女。,other
《瀚海雄风》,华天虹,阳天雷的二师弟。,other
《瀚海雄风》,耿天风,阳天雷的四师弟。,other
《瀚海雄风》,严声涛,川西大侠。,other
《瀚海雄风》,张元吉,玉虚道人的三徒弟，严浣的未婚夫。,other
《瀚海雄风》,乔元壮,玉虚道人的大徒弟。,other
《瀚海雄风》,季元伦,玉虚道人的二徒弟。,other
《瀚海雄风》,梁元献,玉虚道人的四徒弟。,other
《瀚海雄风》,玉虚道人,武当派掌门。,other
《瀚海雄风》,黑石道人,独脚大盗，窦安平的结义兄长。,other
《瀚海雄风》,粘不罕,蒙古“金帐武士”之一。,other
《瀚海雄风》,速不台,蒙古“金帐武士”之一。,other
《瀚海雄风》,江心石,飞龙山三寨主，窦安平死后成为大寨主。,other
《瀚海雄风》,了缘师太,曾是有名的女侠，屠百城夫妻的好友。,other
《瀚海雄风》,史用威,“赛孟尝”，武林前辈。,other
《瀚海雄风》,章维,,other
《瀚海雄风》,钱宝,,other
《瀚海雄风》,张逖,史用威的大弟子。,other
《瀚海雄风》,刘大为,义军头目，史用威之徒。,other
《瀚海雄风》,刘瀚章,“金刀”，抗金老英雄，刘大为、刘琼姑之父，华天虹之友。,other
《瀚海雄风》,刘琼姑,刘大为之妹。,other
《瀚海雄风》,陆昆仑,丐帮帮主。,other
《瀚海雄风》,刘赶驴,丐帮大都分舵舵主，陆昆仑的师侄。,other
《瀚海雄风》,韩大维,隐居的武林前辈。,other
《瀚海雄风》,韩佩瑛,韩大维之女。,other
《瀚海雄风》,岑亚玉,“白玉儿”、“小玉儿”，黑三之女。,other
《瀚海雄风》,韩超,抗金志士，金国国师府的侍卫。,other
《瀚海雄风》,黑三,金国国师府花匠。,other
《瀚海雄风》,三，反派人物,,other
《瀚海雄风》,铁木真,成吉思汗。,other
《瀚海雄风》,赤老温,铁木真手下“十二金刚”排名第八。,other
《瀚海雄风》,龙象法王,蒙古国师，蒙古第一高手。,other
《瀚海雄风》,呼黎奢,龙象法王的大弟子。,other
《瀚海雄风》,木华黎,铁木真手下“十二金刚”排名第三，“神翼营”统领，神箭手。,other
《瀚海雄风》,拖雷,铁木真的四子，铁木真死后成为蒙古监国。,other
《瀚海雄风》,镇国,汪古部王子，蒙古兵力最强的一路元帅，明慧公主的未婚妻。,other
《瀚海雄风》,哲别,蒙古神箭手，“金帐武士”之一。,other
《瀚海雄风》,余一中,镇国的副元帅。,other
《瀚海雄风》,哈图上人,,other
《瀚海雄风》,阳天雷,金国国师。,other
《瀚海雄风》,荣彩,阳天雷之徒。,other
《瀚海雄风》,屠龙,屠百城之子，屠凤之兄。,other
《瀚海雄风》,淳于膑,淳于周之子。,other
《瀚海雄风》,淳于周,黑道上仅次于屠百城的著名的人物。,other
《瀚海雄风》,阳坚白,阳天雷之侄。,other
《瀚海雄风》,史公望,史弥远之侄。,other
《瀚海雄风》,吴恒,北芒山寨主，绿林老前辈。,other
《瀚海雄风》,窦安平,飞龙山大寨主。,other
《瀚海雄风》,贺九公,,other
《瀚海雄风》,勿奢,蒙古“金帐武士”之一。,other
《瀚海雄风》,段点苍,“插翅虎”，“滇南七虎”之首，滇南剧盗。,other
《瀚海雄风》,褚青山,“飞豹子”，段点苍的师弟。,other
《瀚海雄风》,白万雄,绿林大豪，白家庄庄主，淳于周的结拜兄弟。,other
《瀚海雄风》,白千胜,白万雄之子。,other
《瀚海雄风》,窦旺,窦安平之侄。,other
《瀚海雄风》,罗俊,飞龙山副寨主。,other
《瀚海雄风》,鹿南璋,冀北名武师。,other
《瀚海雄风》,邓七,金驼寨的寨主,other
《瀚海雄风》,刘万,飞龙山大头目。,other
《瀚海雄风》,丁兆,飞龙山大头目。,other
《瀚海雄风》,卢香亭,伪装成侠义道的金国奸细，史用威的结拜兄弟。,other
《瀚海雄风》,丁进,金国卧底奸细，丁绍之侄，史用威之徒。,other
《瀚海雄风》,阿卜卢,蒙古第一摔角好手，“金帐武士”之一，龙象法王之徒。,other
《瀚海雄风》,焦霸,金国国师府的侍卫。,other
《瀚海雄风》,四、提到人物,,other
《瀚海雄风》,韩世忠,北宋名将。,other
《瀚海雄风》,屠百城,“冀北人魔”，前任绿林盟主，琅玡山寨主。,other
《瀚海雄风》,俺巴该汗,铁木真的伯祖。,other
《瀚海雄风》,岳飞,,other
《瀚海雄风》,秦桧,,other
《瀚海雄风》,裴叔度,“武林双秀”之一，峨嵋派掌门大弟子。,other
《瀚海雄风》,杨继业,北宋杨家将。,other
《瀚海雄风》,杨延昭,北宋杨家将。,other
《瀚海雄风》,杨文广,北宋杨家将。,other
《瀚海雄风》,魏良臣,宋国宰相，秦桧的党羽。,other
《瀚海雄风》,虞允文,采石矶之战的宋国元帅。,other
《瀚海雄风》,完颜亮,金国皇帝。,other
《瀚海雄风》,李安全,西夏国主。,other
《瀚海雄风》,胡沙虎,金国六盘山守将。,other
《瀚海雄风》,陆游,,other
《瀚海雄风》,史公望,宋国当朝宰相。,other
《瀚海雄风》,达摩,少林寺祖师。,other
《瀚海雄风》,无相神尼,峨嵋派掌门。,other
《瀚海雄风》,玉峰道长,青城派名宿。,other
《瀚海雄风》,顾天樵,阳天雷的三师弟。,other
《瀚海雄风》,马绵常,回龙岭寨主。,other
《瀚海雄风》,丁绍,卢香亭的师弟。,other
《瀚海雄风》,谷若虚,谷啸风之父。,other
《瀚海雄风》,谷啸风,韩佩瑛的未婚夫。,other
《鸣镝风云录》,韩佩瑛,韩大维之女，谷啸风的未婚妻。,main
《鸣镝风云录》,谷啸风,谷若虚之子。,main
《鸣镝风云录》,公孙璞,字去恶，公孙奇与桑青虹之子，耿照之徒。,main
《鸣镝风云录》,宫锦云,宫昭文之女，公孙璞的未婚妻。,main
《鸣镝风云录》,辛龙生,文逸凡的掌门弟子，辛柔荑之侄。,main
《鸣镝风云录》,奚玉瑾,奚玉帆之妹，曾是谷啸风的情侣，辛龙生的挂名妻子。,main
《鸣镝风云录》,孟霆,虎威镖局的总镖头。,other
《鸣镝风云录》,石冲,虎威镖局“四大镖头”之首，副总镖头。,other
《鸣镝风云录》,徐子嘉,“白马银枪”，虎威镖局“四大镖头”排名第二。,other
《鸣镝风云录》,秦幹,虎威镖局“四大镖头”排名第三。,other
《鸣镝风云录》,孙华,虎威镖局“四大镖头”之末。,other
《鸣镝风云录》,张勇,虎威镖局趟子手。,other
《鸣镝风云录》,韩大维,武林隐士，一代宗师，洛阳富豪。,other
《鸣镝风云录》,周凤,奚玉瑾的贴身侍女，周中岳的孙女。,other
《鸣镝风云录》,周中岳,百花谷奚家的管家。,other
《鸣镝风云录》,陆鸿,韩大维家的仆人。,other
《鸣镝风云录》,展一环,韩大维家的仆人。,other
《鸣镝风云录》,奚玉帆,百花谷少谷主。,other
《鸣镝风云录》,兰花,服侍谷啸风的丫头。,other
《鸣镝风云录》,雷飙,“金刀”，金鸡岭大头目。,other
《鸣镝风云录》,杨匡,金鸡岭大头目。,other
《鸣镝风云录》,杜复,金鸡岭大头目。,other
《鸣镝风云录》,鲁大猷,武进名武师。,other
《鸣镝风云录》,上官复,辽国抗金志士，曾是龙象法王的副手。,other
《鸣镝风云录》,楚大鹏,“黄河五霸”之一，长鲸帮帮主。,other
《鸣镝风云录》,洪圻,“独角龙”，“黄河五霸”之一，海砂帮副帮主。,other
《鸣镝风云录》,赖辉,青龙帮首席香主。,other
《鸣镝风云录》,柳清瑶,“蓬莱魔女”，“武林三杰”之一，北五省绿林盟主，金鸡岭寨主，柳元宗之女，公孙隐之徒。,other
《鸣镝风云录》,宫文昭,“三大魔头”之一，黑风岛岛主，柳元甲的首侠。,other
《鸣镝风云录》,耿照,江南大侠，南宋“飞虎军”统制，后辞官。,other
《鸣镝风云录》,刘赶驴,丐帮洛阳分舵舵主。,other
《鸣镝风云录》,索万滔,丐帮洛阳分舵副舵主。,other
《鸣镝风云录》,杨洁梅（侍梅）,辛柔荑的丫鬟，杨大庆之女，后成为邵湘华的未婚妻。,other
《鸣镝风云录》,侍菊,辛柔荑的丫鬟。,other
《鸣镝风云录》,孟天香（七娘）,“雪里红”，“艳罗刹”，三十年前的“武林第一美人”。,other
《鸣镝风云录》,文逸凡,“铁笔书生”，江南武林盟主。,other
《鸣镝风云录》,碧淇,孟天香的丫鬟。,other
《鸣镝风云录》,碧波,孟天香的丫鬟。,other
《鸣镝风云录》,仲少符,当代剑术名家。,other
《鸣镝风云录》,上官宝珠,仲少符之妻，上官复之女。,other
《鸣镝风云录》,蒙厥,紫萝山义军首领。,other
《鸣镝风云录》,王宇庭,太湖七十二家总寨主。,other
《鸣镝风云录》,檀羽冲,“武林天骄”，“武林三杰”之一，全国贝子。,other
《鸣镝风云录》,华谷涵,“笑傲乾坤”，“武林三杰”之一，柳清瑶的丈夫。,other
《鸣镝风云录》,乔松年,,other
《鸣镝风云录》,张弓,宫昭文的仆人。,other
《鸣镝风云录》,厉擒龙,明霞岛岛主。,other
《鸣镝风云录》,厉赛英,厉擒龙之女，后成为奚玉帆之妻。,other
《鸣镝风云录》,白逖,义军为与朝廷合作而派出的调停者。,other
《鸣镝风云录》,严壮,白逖的二弟子。,other
《鸣镝风云录》,龙天香,龙伯岩之女，杨洁梅的金兰姐妹。,other
《鸣镝风云录》,叶天流,“赛华佗”，川中隐侠，名医。,other
《鸣镝风云录》,武玄感,武延春之子，龙天香的未婚夫。,other
《鸣镝风云录》,邵元化,湘西大侠，曾是虞允文的部下。,other
《鸣镝风云录》,邵湘华,邵元化的养子，石棱之子。,other
《鸣镝风云录》,邵湘瑶,邵元化之女。,other
《鸣镝风云录》,石棱（一瓢）,江湖游侠，曾是中牟县武师。,other
《鸣镝风云录》,高小红,丘抗之徒，邵元化的小老婆。,other
《鸣镝风云录》,焦奕,丐帮八袋弟子。,other
《鸣镝风云录》,蒙得志,苗疆峒主。,other
《鸣镝风云录》,蒙赛花,蒙得志的三女儿，辛柔荑的干女儿。,other
《鸣镝风云录》,张大颠,,other
《鸣镝风云录》,任红绡,任天吾之女，谷啸风的表妹。,other
《鸣镝风云录》,车卫,隐居二十多年介乎正邪间的武学宗师。,other
《鸣镝风云录》,车淇,车卫之女，后成为辛龙生之妻。,other
《鸣镝风云录》,春兰,扬州知府夫人的丫头。,other
《鸣镝风云录》,申子驹,无锡米铺老板，义军头目。,other
《鸣镝风云录》,刘湛,苏州绸缎行老板，义军头目。,other
《鸣镝风云录》,韩成德,太湖七十二家寨主之一。,other
《鸣镝风云录》,丘大鸣,道号一鸣，黑道成名人物。,other
《鸣镝风云录》,邓百京,法号百悔，黑道成名人物。,other
《鸣镝风云录》,周应,王宇庭水寨的头目。,other
《鸣镝风云录》,赵赶驴,王宇庭水寨的小头目。,other
《鸣镝风云录》,张石痴,张大颠之徒。,other
《鸣镝风云录》,丁厚,长鲸帮副帮主。,other
《鸣镝风云录》,丁实,长鲸帮在大都卧底的香主，鸿福绸缎店老板。,other
《鸣镝风云录》,李中柱,檀羽冲之徒，任红绡的儿时玩伴。,other
《鸣镝风云录》,赵斌,大都名武师，虎威镖局的新东主。,other
《鸣镝风云录》,梅锷,梅花拳的掌门。,other
《鸣镝风云录》,赵武仲,赵斌之子，孟霆的三弟子。,other
《鸣镝风云录》,归伯奎,孟霆的大弟子。,other
《鸣镝风云录》,马如龙,大都镖行领袖。,other
《鸣镝风云录》,邓山君,大都镖行领袖。,other
《鸣镝风云录》,孟铸,孟霆的长子。,other
《鸣镝风云录》,孟印,孟霆的次子。,other
《鸣镝风云录》,何仲容（健行）,孟霆之友。,other
《鸣镝风云录》,何令威,何仲容之子，武士敦之徒。,other
《鸣镝风云录》,武士敦,前任丐帮帮主。,other
《鸣镝风云录》,陆昆仑,丐帮帮主。,other
《鸣镝风云录》,刘鸿,鸿福绸缎行的二掌柜。,other
《鸣镝风云录》,班建侯,完颜长之的王府总管。,other
《鸣镝风云录》,麻里哈,金国司礼太监。,other
《鸣镝风云录》,安陀生,为义军输送药材的老板。,other
《鸣镝风云录》,罗雨峰,海砂帮帮主。,other
《鸣镝风云录》,赵一行,屠剑豪之徒，后成为奚玉瑾的未婚夫。,other
《鸣镝风云录》,屠凤,琅玡山寨主，屠剑豪之女，石璞之妻。,other
《鸣镝风云录》,石璞,屠剑豪的二弟子。,other
《鸣镝风云录》,王百淳,“赛华佗”，苏州有名的国手。,other
《鸣镝风云录》,三，反派人物,,other
《鸣镝风云录》,程彪,“老狼”，淮北大盗，老狼窝的瓢把子，后投靠完颜豪。,other
《鸣镝风云录》,程浩,“青狼”，程彪的长子。,other
《鸣镝风云录》,程挺,“黄狼”，程彪的次子。,other
《鸣镝风云录》,程苏,“黑狼”，程彪的三子。,other
《鸣镝风云录》,程玉,“白狼”，程彪的四子。,other
《鸣镝风云录》,安达,“野狐”，江淮一带的采花贼，后投靠完颜豪。,other
《鸣镝风云录》,朱九穆,“三大魔头”之一。,other
《鸣镝风云录》,任天吾,侠义道中的伪君子，谷啸风之舅。,other
《鸣镝风云录》,管昆吾,“左臂刀王”，独脚大盗，后成为岳良骏的手下。,other
《鸣镝风云录》,邓铿,江南黑道的著名人物，后成为韩侂胄的教师爷。,other
《鸣镝风云录》,蒙铣,江南黑道的著名人物，后成为韩侂胄的教师爷。,other
《鸣镝风云录》,龙象（尊胜）法王,蒙古国师。,other
《鸣镝风云录》,西门牧野,“三大魔头”之一，关东武林盟主。,other
《鸣镝风云录》,濮阳坚,西门牧野的首徒。,other
《鸣镝风云录》,包灵,妙手神盗，完颜长之的手下。,other
《鸣镝风云录》,辛柔荑（十四姑）,“辣手仙姝”，“天下第一使毒高手”，孟天香的表姐。,other
《鸣镝风云录》,余化龙,任天吾的首徒，后成为金国御林军官。,other
《鸣镝风云录》,郑友宝,西门牧野的二弟子。,other
《鸣镝风云录》,祝大由,大名府祝家庄少庄主。,other
《鸣镝风云录》,言秉钧,,other
《鸣镝风云录》,齐岱,“崆峒三英”之首，“崆峒二奇”之徒。,other
《鸣镝风云录》,齐泰,“崆峒三英”之一，“崆峒二奇”之徒。,other
《鸣镝风云录》,齐岳,“崆峒三英”之末，“崆峒二奇”之徒。,other
《鸣镝风云录》,毕鲁花,蒙古“金帐武士”之一，神箭手。,other
《鸣镝风云录》,史天泽,“黑道第一高手”，长江水寇首领。,other
《鸣镝风云录》,乌蒙,龙象法王的大弟子，蒙古“金帐武士”排名第二。,other
《鸣镝风云录》,宇文化及,龙象法王的三弟子,other
《鸣镝风云录》,鲁莫,蒙古“金帐武士”之一。,other
《鸣镝风云录》,思罕,蒙古“金帐武士”之一。,other
《鸣镝风云录》,沙衍流,少林寺叛徒，完颜长之的手下。,other
《鸣镝风云录》,金发,金狮谷舵主。,other
《鸣镝风云录》,娄人俊,饮马川舵主。,other
《鸣镝风云录》,陷空道人,祝大由的师叔。,other
《鸣镝风云录》,乔拓疆,东海海盗，高杰的师兄。,other
《鸣镝风云录》,钟无霸,乔拓疆的副手。,other
《鸣镝风云录》,史宏,韩侂胄的护院。,other
《鸣镝风云录》,韩希舜,韩侂胄的次子。,other
《鸣镝风云录》,完颜长之,金国皇叔兼御林军统领。,other
《鸣镝风云录》,安童,韩希舜的书童。,other
《鸣镝风云录》,于鲲,长鲸帮副帮主。,other
《鸣镝风云录》,完颜豪,完颜长之之子。,other
《鸣镝风云录》,西门柱石,完颜豪的心腹手下，西门牧野之侄。,other
《鸣镝风云录》,独孤行,完颜豪的心腹手下。,other
《鸣镝风云录》,无妄大师,金国国师，完颜长之的师兄。,other
《鸣镝风云录》,翦长春,金国御林军副统领。,other
《鸣镝风云录》,金七,强盗头子。,other
《鸣镝风云录》,韩老大,跳虎涧寨主。,other
《鸣镝风云录》,岳良骏,扬州知府。,other
《鸣镝风云录》,宇文冲,梅文玉的表哥。,other
《鸣镝风云录》,巴天福,黑道大盗。,other
《鸣镝风云录》,韩天寿,巴天福的师弟。,other
《鸣镝风云录》,金光灿,“金国第一剑术高手”，金国御林军军官。,other
《鸣镝风云录》,拓跋图,蒙古第二高手。,other
《鸣镝风云录》,韩五,完颜长之的手下，无极道长之徒。,other
《鸣镝风云录》,四、提到人物,,other
《鸣镝风云录》,姜白石,南宋词人。,other
《鸣镝风云录》,谷若虚,扬州大侠。,other
《鸣镝风云录》,无相神尼,,other
《鸣镝风云录》,奚璞,奚玉帆、奚玉瑾之父。,other
《鸣镝风云录》,韩世忠,宋国抗金将领。,other
《鸣镝风云录》,青灵师太,,other
《鸣镝风云录》,刘昆,丐帮洛阳分舵香主。,other
《鸣镝风云录》,吴文英,号梦窗，南宋词人。,other
《鸣镝风云录》,冯深,吴文英之友。,other
《鸣镝风云录》,刘坚武,海砂帮帮主。,other
《鸣镝风云录》,公孙奇,“天下第一邪派高手”，二十多年前桑家堡堡主，公孙隐之子。,other
《鸣镝风云录》,柳元甲,柳清瑶的叔父。,other
《鸣镝风云录》,碧玉,孟天香的丫鬟。,other
《鸣镝风云录》,碧钗,孟天香的丫鬟。,other
《鸣镝风云录》,桑青虹,公孙奇之妻。,other
《鸣镝风云录》,明明大师,当世顶尖的武学大师。,other
《鸣镝风云录》,柳元宗,“天下第一神医”，当世顶尖的武学大师。,other
《鸣镝风云录》,公孙隐,当世顶尖的武学大师。,other
《鸣镝风云录》,桑白虹,公孙奇的第一任妻子，桑青虹之姐。,other
《鸣镝风云录》,金超岳,前任金国国师。,other
《鸣镝风云录》,金鼎娘,金超岳之女，宫昭文之妻。,other
《鸣镝风云录》,邓灵官,冀北独脚大盗。,other
《鸣镝风云录》,桑见田,昔年一代武学大师，桑白虹、桑青虹之父。,other
《鸣镝风云录》,张孝祥,号于湖，南宋词人、状元。,other
《鸣镝风云录》,秦桧,南宋宰相，金国奸细。,other
《鸣镝风云录》,米芾,画家。,other
《鸣镝风云录》,侍剑,,other
《鸣镝风云录》,蒙天庇,“崆峒二奇”之一。,other
《鸣镝风云录》,蒙天护,“崆峒二奇”之一。,other
《鸣镝风云录》,窝阔台,蒙古大汗，成吉思汗的三子。,other
《鸣镝风云录》,完颜亮,全国皇帝。,other
《鸣镝风云录》,张宣,南宋沔州统制。,other
《鸣镝风云录》,阔瑞,拖雷手下大将。,other
《鸣镝风云录》,拖雷,蒙古元帅。,other
《鸣镝风云录》,耶律勇,辽国御林军统领。,other
《鸣镝风云录》,耶律元宜,祁连山义军首领，耶律勇之子。,other
《鸣镝风云录》,赫连清云,檀羽冲之妻。,other
《鸣镝风云录》,赫连清霞,耶律元宜之妻，赫连清云之妹。,other
《鸣镝风云录》,苏东坡,,other
《鸣镝风云录》,欧阳修,北宋一代文宗、贤臣。,other
《鸣镝风云录》,岳飞,抗金名将。,other
《鸣镝风云录》,韩侂胄,南宋宰相。,other
《鸣镝风云录》,韩光锐,王宇庭的副总寨主。,other
《鸣镝风云录》,赵构,宋高宗。,other
《鸣镝风云录》,杨么,太湖抗金义军首领。,other
《鸣镝风云录》,岑坚,王宇庭手下大头目，白逖的大弟子。,other
《鸣镝风云录》,王安石,北宋名臣。,other
《鸣镝风云录》,龙伯岩,福建龙岩的武林侠隐，杨大庆的邻居。,other
《鸣镝风云录》,张俊,宋国统制。,other
《鸣镝风云录》,武延春,湘西武学名家。,other
《鸣镝风云录》,杨大庆,郑州镖局的总镖头。,other
《鸣镝风云录》,丘抗,蛇岛岛主，厉擒龙的师兄。,other
《鸣镝风云录》,高鹞,百年前的武林人物，后成为宋国太监。,other
《鸣镝风云录》,史弥远,宋国宰相。,other
《鸣镝风云录》,高杰,高鹞之侄，高小红之父。,other
《鸣镝风云录》,王三,石棱家的仆人。,other
《鸣镝风云录》,蒙赛玉,蒙得志的长女。,other
《鸣镝风云录》,蒙赛月,蒙得志的次女。,other
《鸣镝风云录》,金兀术,,other
《鸣镝风云录》,牛皋,太行山义军首领。,other
《鸣镝风云录》,李二拐,下三滥的小贼。,other
《鸣镝风云录》,梅剑豪,大盗。,other
《鸣镝风云录》,梅（岳）文玉,梅剑豪的外孙女，车卫之妻。,other
《鸣镝风云录》,冬梅,服侍任红绡的婢女。,other
《鸣镝风云录》,耿电,耿照之子。,other
《鸣镝风云录》,尚昆阳,武士敦之师。,other
《鸣镝风云录》,云紫烟,武士敦之妻。,other
《鸣镝风云录》,完颜雍,金国皇帝，完颜亮的堂弟。,other
《鸣镝风云录》,檀世英,檀羽冲的族弟。,other
《鸣镝风云录》,杨雁声,耿照外祖父之徒。,other
《鸣镝风云录》,呼延化,金国御林军军官，“龙形一字剑”的掌门。,other
《鸣镝风云录》,司空涛,金国御林军军官，呼延化的师弟。,other
《鸣镝风云录》,大智禅师,少林寺十八罗汉之首。,other
《鸣镝风云录》,晦明上人,少林寺方丈。,other
《鸣镝风云录》,无极道长,崆峒派掌门。,other
《鸣镝风云录》,刘正杰,保定五虎断门刀的掌门。,other
《鸣镝风云录》,刘毅夫,刘正杰之侄，周凤的未婚夫。,other
《鸣镝风云录》,王福,百花谷奚家的花匠。,other
《鸣镝风云录》,屠剑豪,“冀北人魔”，“屠百城”，一代豪侠。,other
《鸣镝风云录》,屠龙,屠剑豪之子。,other
《鸣镝风云录》,风天扬,屠剑豪的关门弟子。,other
《鸣镝风云录》,韩鹏,“快马”，辽东牧场主，韩五之父，屠剑豪之友。,other
《鸣镝风云录》,李思南,武林盟主。,other
《鸣镝风云录》,秦少游,,other
《还剑奇情录》,陈玄机,云舞阳与陈雪梅之子。,main
《还剑奇情录》,云素素,云舞阳与牟宝珠之女，陈玄机之妹。,main
《还剑奇情录》,上官天野,武当派新任掌门人，牟一粟之徒，后拜毕凌风为师。,main
《还剑奇情录》,云舞阳,当今“天下第一剑客”，曾是张士诚最亲近的武士之一，“龙虎凤”三杰中的“凤”。,main
《还剑奇情录》,萧韵兰,萧冠英之女。,other
《还剑奇情录》,石天铎,张士诚最亲近的武士之一，“龙虎凤”三杰中的“虎”。,other
《还剑奇情录》,智圆,“武当五老”之一，武当派主持。,other
《还剑奇情录》,智弘,“武当五老”之一，武当派监寺。,other
《还剑奇情录》,智广,“武当五老”之一，武当派达摩院首座。,other
《还剑奇情录》,周桐,“武当五老”之一，武当北派名宿。,other
《还剑奇情录》,谷钟,“阴间秀才”，“武当五老”之一，武当南派名宿，牟独逸的首徒。,other
《还剑奇情录》,七修道人,张士诚最尊崇的客卿之一，“僧丐道”三奇士中的“道”。,other
《还剑奇情录》,蒲坚,张士诚帐下的武士。,other
《还剑奇情录》,牟宝珠,云舞阳之妻，牟独逸之女。,other
《还剑奇情录》,陈雪梅,云舞阳的前妻，陈定方之女。,other
《还剑奇情录》,毕凌风,“半残神丐”，“玉面丐侠”，绿林大盗，毕凌虚之弟。,other
《还剑奇情录》,褚英,“勾魂双煞”之一，绿林大盗，萧冠英的手下。,other
《还剑奇情录》,褚霸,“勾魂双煞”之一，绿林大盗，萧冠英的手下，褚英的孪生弟弟。,other
《还剑奇情录》,常山龙,山东剧盗，萧冠英的手下。,other
《还剑奇情录》,公冶良,山东剧盗，萧冠英的手下。,other
《还剑奇情录》,萧冠英,北五省绿林领袖，飞龙帮帮主，陈定方的记名弟子。,other
《还剑奇情录》,三，反派人物,,other
《还剑奇情录》,罗金锋,“大内第一高手”，锦衣卫总指挥。,other
《还剑奇情录》,太玄道人,原陈友谅帐下第一高手，后成为朱元璋的锦衣卫总教头。,other
《还剑奇情录》,阳超谷,峨嵋派剑客，大内高手。,other
《还剑奇情录》,桑令狐,大内高手，暗器好手。,other
《还剑奇情录》,四、提到人物,,other
《还剑奇情录》,陈友谅,大汉皇帝。,other
《还剑奇情录》,张士诚,大周皇帝，彭莹玉之徒。,other
《还剑奇情录》,朱元璋,当今皇帝，彭莹玉之徒。,other
《还剑奇情录》,彭莹玉,一代武学大宗师，“龙虎凤”三杰中的“龙”，“僧丐道”三奇士中的“僧”。,other
《还剑奇情录》,牟独逸,三十年前的“天下第一剑客”，武当派掌门人。,other
《还剑奇情录》,陈定方,元末诗人，一代大侠。,other
《还剑奇情录》,归藏大师,,other
《还剑奇情录》,牟一粟,前任武当派掌门人，牟独逸之侄。,other
《还剑奇情录》,张复初,张士诚之子。,other
《还剑奇情录》,张宗周,张复初之子。,other
《还剑奇情录》,毕凌虚,丐帮帮主，张士诚最尊崇的客卿之一，“僧丐道”三奇士中的“丐”。,other
《还剑奇情录》,石英,石天铎之子。,other
《还剑奇情录》,阿鲁台,瓦剌大汗。,other
《还剑奇情录》,脱脱不花,瓦剌大汗，阿鲁台之子。,other
《还剑奇情录》,脱欢,瓦剌监国，脱脱不花的叔父。,other
《还剑奇情录》,周公密,张士诚在一江南旧部的首领。,other
《还剑奇情录》,毕清泉,毕凌虚、毕凌风之父。,other
《还剑奇情录》,澹台一羽,,other
《还剑奇情录》,阿图真,蒙古国师。,other
《还剑奇情录》,麻翼赞,阿图真之徒。,other
《冰魄寒光剑》,桂华生,桂仲明的次子，后成为一代武学大家。,main
《冰魄寒光剑》,华玉,尼泊尔公主，后成为桂华生之妻。,main
《冰魄寒光剑》,雅德星,印度占婆国王子，龙叶上人之徒。,main
《冰魄寒光剑》,葛腾龙,年羹尧的心腹智囊。,other
《冰魄寒光剑》,唐灵,年羹尧之子，唐赛花的养子。,other
《冰魄寒光剑》,麦士迦南,白教法王座下护法使者。,other
《冰魄寒光剑》,龙叶上人,印度武学大师。,other
《冰魄寒光剑》,方今明,“神拳无敌”，原允提的手下，名闻天下的勇士。,other
《冰魄寒光剑》,巴勃,尼泊尔第一神医。,other
《冰魄寒光剑》,宛兰星,华玉的贴身侍女。,other
《冰魄寒光剑》,阿迦罗,龙叶上人的师弟。,other
《冰魄寒光剑》,克雷斯,希腊王子、诗人。,other
《冰魄寒光剑》,拉汗图,尼泊尔武士，后成为御林军总管。,other
《冰魄寒光剑》,摩农,印度武士。,other
《冰魄寒光剑》,三，反派人物,,other
《冰魄寒光剑》,藏灵上人,西藏红教第一高手。,other
《冰魄寒光剑》,提摩达多,阿拉伯诸国第一高手。,other
《冰魄寒光剑》,额尔都,尼泊尔王子，华玉的堂兄。,other
《冰魄寒光剑》,摩兰法师,尼泊尔道圣国师。,other
《冰魄寒光剑》,赤神子,横行西藏边境的大魔头。,other
《冰魄寒光剑》,邓南遮,波斯第一武士。,other
《冰魄寒光剑》,朗纳,阿富汗牧场场主。,other
《冰魄寒光剑》,哈巴德,中亚细亚撒马尔罕王国的青年公爵。,other
《冰魄寒光剑》,四、提到人物,,other
《冰魄寒光剑》,桂仲明,“天山七剑”之一，武当北支掌门人。,other
《冰魄寒光剑》,冒浣莲,江南第一才女，桂仲明之妻。,other
《冰魄寒光剑》,晦明禅师,天山派创派祖师，明末清初的一代高僧。,other
《冰魄寒光剑》,唐晓澜,天山派第四代传人。,other
《冰魄寒光剑》,冯瑛,唐晓澜之妻。,other
《冰魄寒光剑》,唐赛花,四川暗器名家唐二先生之女，王敖之妻。,other
《冰魄寒光剑》,王敖,河南巡抚总捕头。,other
《冰魄寒光剑》,冯琳,天山女侠。,other
《冰魄寒光剑》,年羹尧,原征西大将军。,other
《冰魄寒光剑》,吕四娘,,other
《冰魄寒光剑》,固始汗,青海蒙古族酋长。,other
《冰魄寒光剑》,加腾汗,青海酋长。,other
《冰魄寒光剑》,易兰珠,“天山七剑”之一。,other
《冰魄寒光剑》,武琼瑶,“天山七剑”之一。,other
《冰魄寒光剑》,允提,康熙第十四子。,other
《冰魄寒光剑》,允祯,雍正，康熙第四子。,other
《冰魄寒光剑》,凌未风,天山派创派弟子。,other
《冰魄寒光剑》,傅青主,神医。,other
《萍踪侠影录》,张丹枫,张宗周之子，谢天华之徒。,main
《萍踪侠影录》,云蕾,“散花女侠”，云澄之女，叶盈盈之徒。,main
《萍踪侠影录》,云重,武状元，云澄之子，云蕾之兄，董岳之徒。,main
《萍踪侠影录》,澹台镜明,澹台仲元之女，澹台灭明的堂妹。,main
《萍踪侠影录》,周山民,周健之子。,main
《萍踪侠影录》,石翠凤,石英之女。,main
《萍踪侠影录》,董岳,玄机逸士的大徒弟。,other
《萍踪侠影录》,潮音,玄机逸士的二徒弟。,other
《萍踪侠影录》,谢天华,玄机逸士的三徒弟。,other
《萍踪侠影录》,叶盈盈,“飞天龙女”，玄机逸士的四徒弟，谢天华的恋人。,other
《萍踪侠影录》,云澄,玄机逸士的五徒弟。,other
《萍踪侠影录》,云靖,明朝使臣。,other
《萍踪侠影录》,张宗周,瓦剌右丞相，张士诚的后人。,other
《萍踪侠影录》,玄机逸士,天下第一剑客。,other
《萍踪侠影录》,上官天野,绿林大盗。,other
《萍踪侠影录》,萧韵兰,,other
《萍踪侠影录》,澹台灭明,瓦剌第一勇士，张宗周的部下，澹台归真之孙，上官天野的大徒弟。,other
《萍踪侠影录》,乌蒙夫,上官天野的二徒弟。,other
《萍踪侠影录》,林仙韵,上官天野的三徒弟，乌蒙夫的恋人。,other
《萍踪侠影录》,周健,金刀寨主，原雁门关总兵，云靖的同乡好友。,other
《萍踪侠影录》,于谦,明朝一品大臣，兵部尚书兼内阁学士。,other
《萍踪侠影录》,于承珠,于谦之女。,other
《萍踪侠影录》,方庆,明朝军官，原平东府捕头。,other
《萍踪侠影录》,孟玑,周健的手下。,other
《萍踪侠影录》,石英,“轰天雷”，黑石庄庄主，晋、陕武林盟主，大周世袭龙骑都尉，独脚大盗。,other
《萍踪侠影录》,黑摩诃,收购赃物的珠宝商人。,other
《萍踪侠影录》,白摩诃,收购赃物的珠宝商人，黑摩诃的孪生弟弟。,other
《萍踪侠影录》,韩大海,韩岛主之子。,other
《萍踪侠影录》,林道安,林庄主之子。,other
《萍踪侠影录》,哈达莱,澹台灭明之徒。,other
《萍踪侠影录》,蓝天石,饮马川寨主。,other
《萍踪侠影录》,毕道凡,“镇三界”，毕凌虚的后人。,other
《萍踪侠影录》,郝宝椿,“火神弹”，太谷庄主。,other
《萍踪侠影录》,邝中,代县独脚大盗。,other
《萍踪侠影录》,张风府,“京师第一高手”，锦衣卫指挥兼御林军统领。,other
《萍踪侠影录》,樊忠,“京师三大高手”之一，御前侍卫。,other
《萍踪侠影录》,龙镇方,“铁臂金猿”，凌霄子的师弟。,other
《萍踪侠影录》,玄灵子,“三花剑”，龙镇方的师弟。,other
《萍踪侠影录》,杨威,御林军副统领。,other
《萍踪侠影录》,阿剌,瓦剌知院。,other
《萍踪侠影录》,祈镇,明英宗。正统皇帝。,other
《萍踪侠影录》,胡大庆,明朝将军，兵部尚书的亲戚。,other
《萍踪侠影录》,陆展鹏,康超海的师弟。,other
《萍踪侠影录》,樊俊,车骑都尉，樊忠之弟。,other
《萍踪侠影录》,阿昭,西洞庭山的牧童。,other
《萍踪侠影录》,阿成,西洞庭山的牧童。,other
《萍踪侠影录》,澹台玉明,澹台仲元之女，澹台镜明之妹。,other
《萍踪侠影录》,脱不花,也先之女。,other
《萍踪侠影录》,赤霞道人,松石道人的师兄。,other
《萍踪侠影录》,姬芝罗安美,云蕾的童年朋友。,other
《萍踪侠影录》,安芝罗密云,云澄之妻。,other
《萍踪侠影录》,澹台仲元,洞庭庄主，澹台归真之侄。,other
《萍踪侠影录》,三，反派人物,,other
《萍踪侠影录》,王振,司礼太监。,other
《萍踪侠影录》,贯仲,“京师三大高手”之一，内廷侍卫。,other
《萍踪侠影录》,沙涛,黑道寨主。,other
《萍踪侠影录》,沙无忌,沙涛之子，后拜赤神子为师。,other
《萍踪侠影录》,胡老三,沙涛的副寨主。,other
《萍踪侠影录》,松石道人,武当门下第二代弟子。,other
《萍踪侠影录》,康超海,大内总管，后成为牧场劳工，凌霄子的首徒。,other
《萍踪侠影录》,路明,王振的心腹武士。,other
《萍踪侠影录》,路亮,王振的心腹武士，路明之弟。,other
《萍踪侠影录》,殷天鉴,“九头狮子”，苏州土霸，原快活林主人。,other
《萍踪侠影录》,郭洪,“红发妖龙”，王振的心腹武士。,other
《萍踪侠影录》,察鲁图,也先手下第一勇士。,other
《萍踪侠影录》,额吉多,也先手下虎将。,other
《萍踪侠影录》,吉彰阿,额吉多的副手。,other
《萍踪侠影录》,赤神子,苗疆异人。,other
《萍踪侠影录》,麻翼赞,吐谷浑勇士，也先手下武士。,other
《萍踪侠影录》,青谷法师,西藏红教喇嘛。,other
《萍踪侠影录》,白山法师,青谷法师的师兄。,other
《萍踪侠影录》,窝扎合,也先太师府总管。,other
《萍踪侠影录》,也先,瓦剌左丞相，脱欢之子。,other
《萍踪侠影录》,四、提到人物,,other
《萍踪侠影录》,彭莹玉,元末义军首领，大周国师，武学大师。,other
《萍踪侠影录》,张士诚,大周皇帝，彭莹玉的大徒弟，朱元璋的义兄。,other
《萍踪侠影录》,朱元璋,明太祖，明朝开国皇帝，彭莹玉的二徒弟。,other
《萍踪侠影录》,朱棣,明成祖。,other
《萍踪侠影录》,祈钰,明代宗，祈镇之弟。,other
《萍踪侠影录》,脱脱不花,瓦剌可汗。,other
《萍踪侠影录》,脱欢,瓦剌左丞相。,other
《萍踪侠影录》,丁大可,雁门关现任总兵，原周健副将。,other
《萍踪侠影录》,毕凌虚,彭莹玉的三徒弟。,other
《萍踪侠影录》,凌霄子,点苍派领袖。,other
《萍踪侠影录》,郭登,骠骑将军，大同总兵。,other
《萍踪侠影录》,杨洪,兵部主事。,other
《萍踪侠影录》,刘得新,明朝大臣，后被削职。,other
《萍踪侠影录》,李顺,礼部主事。,other
《萍踪侠影录》,邝尘,兵部尚书。,other
《萍踪侠影录》,王佐,户部尚书。,other
《萍踪侠影录》,石亨,明军先锋。,other
《萍踪侠影录》,朱冕,总兵官武进伯。,other
《萍踪侠影录》,宋瑛,大同总督军务西宁侯。,other
《萍踪侠影录》,曹鼎,明朝学士。,other
《萍踪侠影录》,张益,明朝学士。,other
《萍踪侠影录》,张辅,英国公。,other
《萍踪侠影录》,澹台归真,张士诚手下大将。,other
《萍踪侠影录》,吴锋,“金钩”，名武师。,other
《萍踪侠影录》,孝欣皇后,祈镇之妻。,other
《白发魔女传》,练霓裳,“玉罗刹”，“白发魔女”，陕南剧盗，凌慕华之徒。,main
《白发魔女传》,卓一航,武当派掌门弟子，卓继贤之子，紫阳道长之徒。,main
《白发魔女传》,岳鸣珂（晦明禅师）,熊廷弼的参赞，霍天都之徒。,main
《白发魔女传》,铁珊瑚,铁飞龙之女。,main
《白发魔女传》,白石道人,“武当五老”排行第四，武当长老，俗家姓何。,main
《白发魔女传》,铁飞龙,武林怪客，龙门县铁家庄庄主，练霓裳、客娉婷的义父。,main
《白发魔女传》,卓仲廉,原云贵总督。,other
《白发魔女传》,耿绍南,红云道人之徒。,other
《白发魔女传》,王照希,王嘉胤之子。,other
《白发魔女传》,黄叶道人,“武当五老”排行第二，武当长老。,other
《白发魔女传》,红云道人,“武当五老”排行第三，武当长老。,other
《白发魔女传》,青簑道人,“武当五老”排行第五，武当长老。,other
《白发魔女传》,周同,“翻山虎”，川陕边境的悍匪。,other
《白发魔女传》,朱宝椿,“火灵猿”，川陕边境的悍匪。,other
《白发魔女传》,麦逢春,“麦氏三雄”之首，定军山大盗。,other
《白发魔女传》,屠景雄,龙门帮总舵主。,other
《白发魔女传》,邵宣扬,陕南独脚大盗,other
《白发魔女传》,王嘉胤,陕北绿林领袖，剑法名家。,other
《白发魔女传》,孟灿,常洛宫中的值殿武师。,other
《白发魔女传》,常洛,明光宗，泰昌皇帝，朱翊钧的长子。,other
《白发魔女传》,柳西铭,京师名武师，王嘉胤之友。,other
《白发魔女传》,孟秋霞,孟灿之女，后成为王照希之妻。,other
《白发魔女传》,白敏,孟灿之徒。,other
《白发魔女传》,贞乾道人,华山落雁峰道士，霍天都、凌慕华、武当五老之友。,other
《白发魔女传》,赵挺,嵩阳派剑客。,other
《白发魔女传》,青松道人,,other
《白发魔女传》,熊廷弼,辽东经略使。,other
《白发魔女传》,穆九娘,铁飞龙之妻，后嫁给公孙雷。,other
《白发魔女传》,孙慎行,礼部尚书。,other
《白发魔女传》,王安舜,御使。,other
《白发魔女传》,朱由校,明熹宗，常洛之子。,other
《白发魔女传》,成坤,御前侍卫侍卫长。,other
《白发魔女传》,董方,御前侍卫，成坤的副手。,other
《白发魔女传》,客娉婷,魏忠贤与客氏之女，公孙大娘之徒。,other
《白发魔女传》,慕容冲,东厂卫士总教头，焦蛮子、定虚大师之徒。,other
《白发魔女传》,周嘉谟,吏部尚书。,other
《白发魔女传》,邹元标,都御。,other
《白发魔女传》,王赞,熊廷弼的随从，邱太虚之徒。,other
《白发魔女传》,牛尔耕,九门提都。,other
《白发魔女传》,公孙大娘,“红花鬼母”，公孙一阳之女，金独异之妻。,other
《白发魔女传》,龙达三,长安镖局总镖头，铁飞龙之友。,other
《白发魔女传》,李封,武当派在北京的掌门大弟子。,other
《白发魔女传》,李申时,李天扬之子，龙啸云之徒，后拜黄叶道人为师。,other
《白发魔女传》,虞新城,武当派第二代“四大弟子”之一，黄叶道人的首徒。,other
《白发魔女传》,龙啸云,峨嵋派入室弟子。,other
《白发魔女传》,李天扬,锦衣卫指挥，后弃官。,other
《白发魔女传》,何绮霞（慈慧）,白石道人之妹，李天扬之妻。,other
《白发魔女传》,何萼华,白石道人的长女，后成为李申时之妻。,other
《白发魔女传》,何绿华,白石道人的次女。,other
《白发魔女传》,尊胜禅师,少林监寺，镜明长老的师弟。,other
《白发魔女传》,悟净,少林弟子。,other
《白发魔女传》,杨涟,兵科给事中。,other
《白发魔女传》,镜明长老,少林寺主持。,other
《白发魔女传》,玄通,尊胜禅师之徒。,other
《白发魔女传》,天元,少林寺达摩院上座，后成为少林寺主持，镜明长老的首徒。,other
《白发魔女传》,杨焜,兵部、吏部尚书，卓继贤之友。,other
《白发魔女传》,袁崇焕,辽东佥事，后升为辽东经略。,other
《白发魔女传》,崔应元,锦衣卫指挥，后弃职归隐。,other
《白发魔女传》,春桂,宫娥。,other
《白发魔女传》,白广思,信王府教头。,other
《白发魔女传》,林振蛟,长安镖局副总镖头。,other
《白发魔女传》,唐努,唐玛之子，后成为布罗族酋长，北疆各族部落盟主。,other
《白发魔女传》,李自成,“小闯王”，高迎祥之侄。,other
《白发魔女传》,李岩,李自成部下的制将军，李精白之子，王同之徒。,other
《白发魔女传》,红娘子,河南女盗，李岩之妻。,other
《白发魔女传》,罗铁臂,川陕边境的大盗，后成为杨涟的护院。,other
《白发魔女传》,杨云骢,杨涟之子，晦明禅师的大徒弟。,other
《白发魔女传》,杜明忠,熊廷弼、陈奇瑜的幕客，后成为袁崇焕麾下大将。,other
《白发魔女传》,唐家璧,唐青川之子。,other
《白发魔女传》,智禅上人,西北高手。,other
《白发魔女传》,拙道人,西北高手。,other
《白发魔女传》,霍元仲,陕西名武师。,other
《白发魔女传》,楚昭南,晦明禅师的二徒弟。,other
《白发魔女传》,辛五,哈萨克族有名的猎户。,other
《白发魔女传》,辛龙子,辛五之子，卓一航之徒。,other
《白发魔女传》,巴龙,哈萨克族酋长的副手。,other
《白发魔女传》,哈玛雅,“飞红巾”，唐努之女，练霓裳之徒。,other
《白发魔女传》,成章五,风砂堡堡主。,other
《白发魔女传》,隆呼雅图,哈萨克名武师。,other
《白发魔女传》,成掌珠,成章五之女。,other
《白发魔女传》,三，反派人物,,other
《白发魔女传》,石浩,魏忠贤的心腹，锦衣卫指挥，后升为西厂副总桩头。,other
《白发魔女传》,归有章,“鹰爪王”，川东大盗。,other
《白发魔女传》,常洵,朱翊钧的次子。,other
《白发魔女传》,魏忠贤,太监总管，东厂宗主，满洲内应。,other
《白发魔女传》,郑国泰,国舅。,other
《白发魔女传》,应修阳,魏忠贤的心腹，后成为锦衣卫指挥，满洲内应。,other
《白发魔女传》,郑洪台,西厂第一高手。,other
《白发魔女传》,范筑,“金刚手”。,other
《白发魔女传》,凌霄,“玉面妖狐”，剧盗。,other
《白发魔女传》,云燕平,私通满洲的大内卫士，后成为带兵将军。,other
《白发魔女传》,金千岩,金独异之侄。,other
《白发魔女传》,王成,御前侍卫副侍卫长。,other
《白发魔女传》,崔呈秀,明朝大臣，魏忠贤的奸党。,other
《白发魔女传》,郝建昌,金独异的首徒。,other
《白发魔女传》,公孙雷,金独异与公孙大娘之子。,other
《白发魔女传》,连城虎,西厂总管，后升为东厂总管，满洲内应。,other
《白发魔女传》,金独异,公孙一阳之徒。,other
《白发魔女传》,胡国柱,锦衣卫副指挥，昆仑派好手。,other
《白发魔女传》,胡迈,“陆上仙”，江湖骗子，李可灼的门客。,other
《白发魔女传》,孟飞,“神手”，江湖骗子，李可灼的门客。,other
《白发魔女传》,麻黑子,河南帮会首领，开封一霸。,other
《白发魔女传》,李可灼,鸿胪寺丞。,other
《白发魔女传》,昌钦喇嘛,朱由校的护身法师。,other
《白发魔女传》,察克图,努尔哈赤帐下勇士。,other
《白发魔女传》,王廷福,御林军统领。,other
《白发魔女传》,王廷禄,御林军统领，王廷福之弟。,other
《白发魔女传》,容一东,应修阳之友。,other
《白发魔女传》,甘天立,成都名捕。,other
《白发魔女传》,焦化,成都名捕，甘天立之友。,other
《白发魔女传》,神大元,陕北剧盗，张献忠的部下。,other
《白发魔女传》,神一元,陕北剧盗，张献忠的部下，神大元的孪生弟弟。,other
《白发魔女传》,孟萨思,喀达尔族酋长。,other
《白发魔女传》,乌头长老,西藏天龙派长老之一。,other
《白发魔女传》,天德上人,西藏天龙派长老之一。,other
《白发魔女传》,科图,满洲派到喀达尔族的使者。,other
《白发魔女传》,天龙上人,西藏天龙派宗主。,other
《白发魔女传》,雷蒙法师,天龙上人的首徒。,other
《白发魔女传》,四、提到人物,,other
《白发魔女传》,卓继贤,户部侍郎，卓仲廉之子。,other
《白发魔女传》,紫阳道长,“天下第一剑客”，“武当五老”之首，武当派掌门人。,other
《白发魔女传》,李二斧,陕西武林名宿。,other
《白发魔女传》,高迎祥,剧盗，王嘉胤的副手，王嘉胤死后，继首领之位，王号“闯王”。,other
《白发魔女传》,王左掛,剧盗，王嘉胤的手下。,other
《白发魔女传》,朱翊钧,明神宗。,other
《白发魔女传》,庞保,执事太监,other
《白发魔女传》,刘成,执事太监,other
《白发魔女传》,罗金峰,冀北大侠，孟灿之友。,other
《白发魔女传》,朱元璋,明太祖。,other
《白发魔女传》,霍天都,名闻海内的剑客。,other
《白发魔女传》,凌慕华,剑术大行家，霍天都之妻。,other
《白发魔女传》,方从哲,宰相，大学士。,other
《白发魔女传》,顾宪成,明朝大臣。,other
《白发魔女传》,申时行,明朝大臣。,other
《白发魔女传》,王锡爵,明朝大臣。,other
《白发魔女传》,王家屏,明朝大臣。,other
《白发魔女传》,李选侍,常洛的宠妃。,other
《白发魔女传》,惠世杨,给事中。,other
《白发魔女传》,龙成业,内廷校尉。,other
《白发魔女传》,刘廷元,兵科给事中。,other
《白发魔女传》,邱太虚,“日月轮”，武林名家。,other
《白发魔女传》,公孙一阳,西北武功高深莫测的怪人。,other
《白发魔女传》,袁应泰,辽东经略。,other
《白发魔女传》,刘遇节,明朝腐败的将军。,other
《白发魔女传》,王文鼎,明朝腐败的将军。,other
《白发魔女传》,刘国缙,兵部主事，原辽东参赞。,other
《白发魔女传》,刘一燝,明朝正直的大臣。,other
《白发魔女传》,姚宗文,御使。,other
《白发魔女传》,冯三元,御使。,other
《白发魔女传》,文征明,国初四才子之一。,other
《白发魔女传》,谢时臣,,other
《白发魔女传》,左光斗,御使，杜明忠之舅。,other
《白发魔女传》,魏广征,明朝大臣，魏忠贤的干侄子。,other
《白发魔女传》,阮大针,明朝大臣，魏忠贤的干儿子。,other
《白发魔女传》,顾秉谦,明朝大臣，魏忠贤的干儿子。,other
《白发魔女传》,傅樾,明朝大臣，魏忠贤的干儿子。,other
《白发魔女传》,倪文焕,明朝大臣，魏忠贤的干儿子。,other
《白发魔女传》,杨维垣,明朝大臣，魏忠贤的干儿子。,other
《白发魔女传》,潘汝桢,浙江巡抚。,other
《白发魔女传》,孙承宗,兵部大员，杜明忠的表亲。,other
《白发魔女传》,高攀龙,原明朝大臣。,other
《白发魔女传》,于孔谦,原明朝大臣。,other
《白发魔女传》,王绍徽,魏忠贤的党羽。,other
《白发魔女传》,袁化中,明朝大臣。,other
《白发魔女传》,魏大中,明朝大臣。,other
《白发魔女传》,顾大章,明朝大臣。,other
《白发魔女传》,周朝瑞,明朝大臣。,other
《白发魔女传》,洪承畴,汉奸。,other
《白发魔女传》,许显纯,北镇抚司，魏忠贤的干儿子。,other
《白发魔女传》,朱由俭,信王，后来的崇祯皇帝，朱由校之弟。,other
《白发魔女传》,定虚大师,,other
《白发魔女传》,焦蛮子,西北独行大盗。,other
《白发魔女传》,唐玛,南疆罗布族酋长。,other
《白发魔女传》,张献忠,“八大王”。,other
《白发魔女传》,高杰,高迎祥手下得力头目。,other
《白发魔女传》,李过,李自成的堂侄。,other
《白发魔女传》,努尔哈赤,满洲军统帅。,other
《白发魔女传》,贺世贤,袁应泰手下大将。,other
《白发魔女传》,尤世功,袁应泰手下大将。,other
《白发魔女传》,叶向高,宰相。,other
《白发魔女传》,王化贞,广宁巡抚，叶向高的门生。,other
《白发魔女传》,李精白,兵部尚书。,other
《白发魔女传》,王同,太极派名手。,other
《白发魔女传》,陈奇瑜,陕西巡抚。,other
《白发魔女传》,唐青川,万县唐家高手。,other
《白发魔女传》,杜五,“夜猫子”，义军首领。,other
《白发魔女传》,张四,“射天雕”，义军首领。,other
《白发魔女传》,桑乾,"""桑家三妖“中的大妖。",other
《白发魔女传》,桑弧,"""桑家三妖“中的二妖。",other
《白发魔女传》,桑仁,"""桑家三妖“中的三妖。",other
《江湖三女侠》,吕莹（吕四娘）,“江湖三女侠”之一，“江南八侠”之一，独臂老尼的关门弟子，吕葆中之女。,main
《江湖三女侠》,冯瑛,“江湖三女侠”之一，冯英奇之女，易兰珠之徒。,main
《江湖三女侠》,冯琳,“江湖三女侠”之一，冯英奇之女，冯瑛的孪生妹妹。,main
《江湖三女侠》,唐晓澜,康熙与海棠之子，周青的义子，冯广潮的二徒弟，后拜易兰珠、杨仲英为师。,main
《江湖三女侠》,杨柳青,杨仲英之女，后成为邹九锡之妻。,main
《江湖三女侠》,李治,李思永之子。,main
《江湖三女侠》,甘凤池,“江南八侠”之一，独臂老尼的七徒弟，后成为一代武学大师。,main
《江湖三女侠》,邝琏,河南汝南名武师，后拜张灵风为师。,other
《江湖三女侠》,冯广潮,武师，周青的记名弟子。,other
《江湖三女侠》,冯英奇,冯广潮之子。,other
《江湖三女侠》,邝练霞,邝琏之女，冯英奇之妻。,other
《江湖三女侠》,钟万堂,“风尘医隐”，无极派名宿，傅青主的徒孙。,other
《江湖三女侠》,周青,凌未风的记名弟子，原清廷武士。,other
《江湖三女侠》,孟建雄,“飞火弹”，鲁西武林领袖。,other
《江湖三女侠》,杨仲英,“铁掌神弹”，“河朔（北国）双雄”之一，北五省绿林领袖。,other
《江湖三女侠》,玄风道长,“关东四侠”中的老大。,other
《江湖三女侠》,朗月和尚,“笑弥勒”，“关东四侠”中的老二。,other
《江湖三女侠》,柳先开,“万里追风”，“关东四侠”中的老三。,other
《江湖三女侠》,陈元霸,“单掌开碑”，“关东四侠”中的老四。,other
《江湖三女侠》,独臂老尼,明朝长平公主，崇祯皇帝的幼女。,other
《江湖三女侠》,吕葆中,抗清义士，吕留良之子。,other
《江湖三女侠》,严洪逵,浙东名儒，抗清义士，吕留良的门生。,other
《江湖三女侠》,周浔,“江南八侠”之一，独臂老尼的二徒弟。,other
《江湖三女侠》,陆民瞻,“江南八侠”之一，独臂老尼的三徒弟，浙江于潜富家子弟。,other
《江湖三女侠》,曹仁父,“江南八侠”之一，独臂老尼的四徒弟。,other
《江湖三女侠》,白泰官,“江南八侠”之一，独臂老尼的五徒弟。,other
《江湖三女侠》,李源,“江南八侠”之一，独臂老尼的六徒弟，湖南世家公子。,other
《江湖三女侠》,沈在宽,“仙霞处士”，吕葆中的门生，后与吕莹成婚。,other
《江湖三女侠》,邹鸣皋,“插翼神狮”，“河朔（北国）双雄”之一，杨仲英的生死之交。,other
《江湖三女侠》,邹九锡,邹鸣皋之子。,other
《江湖三女侠》,鱼壳,海上大盗。,other
《江湖三女侠》,鱼娘,鱼壳之女，白泰官的情侣。,other
《江湖三女侠》,卫扬威,凌云岛主。,other
《江湖三女侠》,孟武功,太湖寨主，鱼壳的副手。,other
《江湖三女侠》,易兰珠,“天山七剑”之一，张华昭之妻。,other
《江湖三女侠》,曹锦儿,曹仁父之女。,other
《江湖三女侠》,田文镜,山东巡抚，河东总督，后升为两广总督。,other
《江湖三女侠》,本无禅师,“少林三老”之一，少林寺监寺，本空大师的师弟。,other
《江湖三女侠》,无住禅师,“少林三老”之一，少林寺第四十八代方丈，本无禅师的师弟。,other
《江湖三女侠》,悟虚禅师,少林寺第二辈高手。,other
《江湖三女侠》,弘法大师,少林寺掌经堂主持，后升为第四十九代主持。,other
《江湖三女侠》,丁福,年遐龄家的老家人。,other
《江湖三女侠》,一瓢,一念的师弟。,other
《江湖三女侠》,李卫,浙江巡抚。,other
《江湖三女侠》,李明珠,李卫之女，叶横波之徒。,other
《江湖三女侠》,王奋,武官，后成为浙江抚衙的卫士。,other
《江湖三女侠》,韩振生,世袭巴图鲁汉军旗人韩家的子弟，后成为浙江抚衙的卫士。,other
《江湖三女侠》,许成,浙江抚衙卫士总管。,other
《江湖三女侠》,陈美娘,甘凤池之妻。,other
《江湖三女侠》,耿五,允祯府中的仆人。,other
《江湖三女侠》,允禔,直郡王，康熙的长子。,other
《江湖三女侠》,允祀,康熙的八子。,other
《江湖三女侠》,允禟,康熙的九子。,other
《江湖三女侠》,允礻我,康熙的十子。,other
《江湖三女侠》,允禵,康熙的十四子。,other
《江湖三女侠》,允瑛,康熙的十六子。,other
《江湖三女侠》,侯三变,允禔的卫士。,other
《江湖三女侠》,祝家澍（冷禅）,原内务部差使，武成化之徒。,other
《江湖三女侠》,海棠,宫娥，祝家澍的未婚妻。,other
《江湖三女侠》,武成化,终南派名宿，武元英之子，武琼瑶之弟。,other
《江湖三女侠》,屠景昭,海阳帮帮主。,other
《江湖三女侠》,凌岳,南京通源镖行总镖头，太极派好手。,other
《江湖三女侠》,毒龙尊者,“辽东三怪”之一，蛇岛上的异人。,other
《江湖三女侠》,车鼎丰,寿昌书院的山长。,other
《江湖三女侠》,印宏,萧山县慈恩寺主持，本无禅师之徒。,other
《江湖三女侠》,红锦娘,西北女飞贼，韩重山的情人。,other
《江湖三女侠》,云大鹏,允禵的军中教头。,other
《江湖三女侠》,方今明,“军中二宝”之一，允禵的近卫军统领，原江南龙头帮主。,other
《江湖三女侠》,博克图,允禵的心腹大将。,other
《江湖三女侠》,康熙,清朝皇帝。,other
《江湖三女侠》,陈德泰,十二指妙手神偷，甘凤池的大舅。,other
《江湖三女侠》,唐金峰,四川唐家老一辈三兄弟中的老二。,other
《江湖三女侠》,唐赛花,唐金峰之女，王敖之妻。,other
《江湖三女侠》,李大胖,,other
《江湖三女侠》,叶常寿,别号废园，名医，石振飞的外甥，傅青主之徒。,other
《江湖三女侠》,陆康,怀柔县小士绅，琴师。,other
《江湖三女侠》,张天池,天台派掌门，江湖大盗，张灵风之子。,other
《江湖三女侠》,韩七,年羹尧军中的军厨管事，原是江南帮会小头目。,other
《江湖三女侠》,佳特格格,藏古七信之女，年羹尧之妻。,other
《江湖三女侠》,陆虎臣,年羹尧的心腹副将，后升为杭州将军。,other
《江湖三女侠》,桂华生,桂仲明的三子。,other
《江湖三女侠》,冒广生,桂仲明的次子，孤云道士的师弟。,other
《江湖三女侠》,王老三,年羹尧家的家丁。,other
《江湖三女侠》,年寿,年羹尧之子，后被唐赛花收养。,other
《江湖三女侠》,三，反派人物,,other
《江湖三女侠》,允祯,雍正皇帝，康熙的四子，本空大师之徒。,other
《江湖三女侠》,年羹尧,一等公、大将军兼川陕总督，年遐龄之子，钟万堂之徒。,other
《江湖三女侠》,王陵,京城镖师，后成为宫中卫士小队长，冯广潮的大徒弟。,other
《江湖三女侠》,云海和尚,威震南疆的剑师。,other
《江湖三女侠》,龙木公,火云峒主，海南五指山黎族酋长，海云和尚之徒。,other
《江湖三女侠》,雷海音,允祯手下“四霸”之一，血滴子大头目。,other
《江湖三女侠》,隆科多,国舅。,other
《江湖三女侠》,董太清,萨天剌之徒。,other
《江湖三女侠》,萨天剌,“八臂神魔”，“神魔二老”之一，“辽东三怪”之一。,other
《江湖三女侠》,萨天都,“大力神魔”，“神魔二老”之一，“辽东三怪”之一。,other
《江湖三女侠》,哈布陀,血滴子总管，京师第一名手，后升为宫中卫士总管。,other
《江湖三女侠》,郝浩昌,萨天都之徒。,other
《江湖三女侠》,了因,“江南八侠”之首，独臂老尼的大徒弟，宝禅国师。,other
《江湖三女侠》,天叶散人,西域第一高手，星宿海的药师，灵山上人之徒。,other
《江湖三女侠》,张廷玉,文渊阁大学士，山东巡抚。,other
《江湖三女侠》,彭云应,哈布陀的副手。,other
《江湖三女侠》,甘天龙,西北巨寇。,other
《江湖三女侠》,董巨川,形意派元老。,other
《江湖三女侠》,韩重山,灵山派名宿，天叶散人的师兄。,other
《江湖三女侠》,叶横波,韩重山之妻。,other
《江湖三女侠》,秦中越,御林军统领。,other
《江湖三女侠》,尚复初,尚云亭之孙。,other
《江湖三女侠》,曹元朗,铁扇帮副帮主之一。,other
《江湖三女侠》,尚少亭,尚复初之子。,other
《江湖三女侠》,岳钟琪,年羹尧的副将，后升为抚远大将军兼川陕总督。,other
《江湖三女侠》,曾静,吕留良的得意门生。,other
《江湖三女侠》,车辟邪,“军中二宝”之一，允禵军中第一剑术好手，后成为宫中三品卫士。,other
《江湖三女侠》,鄂尔泰,允祯宠信的大臣。,other
《江湖三女侠》,王敖,河南抚衙第一高手。,other
《江湖三女侠》,额音和布,西藏红教第二高手，昆甸上人的师弟。,other
《江湖三女侠》,昆甸上人,西藏红教掌教，红教第一高手。,other
《江湖三女侠》,四、提到人物,,other
《江湖三女侠》,傅青主,明末清初的神医，无极派大宗师。,other
《江湖三女侠》,凌未风,“天山七剑”之一，天山派前辈剑侠。,other
《江湖三女侠》,冒浣莲,“天山七剑”之一，无极派前辈女侠。,other
《江湖三女侠》,桂仲明,“天山七剑”之一，武当北支老掌门。,other
《江湖三女侠》,张华昭,“天山七剑”之一。,other
《江湖三女侠》,武琼瑶,“天山七剑”之一，李思永之妻，白发魔女的关门弟子。,other
《江湖三女侠》,飞红巾,“天山七剑”之一，白发魔女之徒。,other
《江湖三女侠》,余大桩,“六合枪”，冯广潮之师。,other
《江湖三女侠》,楚昭南,凌未风的师兄。,other
《江湖三女侠》,晦明禅师,凌未风、楚昭南、易兰珠之师。,other
《江湖三女侠》,年遐龄,河南首富。,other
《江湖三女侠》,马昆,“五虎刀”，北五省成名豪杰。,other
《江湖三女侠》,徐应龙,“金枪”，北五省成名豪杰。,other
《江湖三女侠》,杨千彪,“虎尾棍”，北五省成名豪杰。,other
《江湖三女侠》,华四把,“日月轮”，北五省成名豪杰。,other
《江湖三女侠》,吕留良,号晚村，浙东名儒。,other
《江湖三女侠》,于南湖,,other
《江湖三女侠》,吴三桂,,other
《江湖三女侠》,侯方域,清初才子。,other
《江湖三女侠》,张鸣,青岛老捕头。,other
《江湖三女侠》,金光大师,峨嵋派宗主。,other
《江湖三女侠》,本空大师,“少林三老”之一，少林寺第四十七代方丈。,other
《江湖三女侠》,灵山上人,,other
《江湖三女侠》,痛禅上人,少林寺第四十六代方丈。,other
《江湖三女侠》,一念,朝元寺主持。,other
《江湖三女侠》,吕毅中,吕留良之子。,other
《江湖三女侠》,吴梅村,明末才子，清朝国子监祭酒。,other
《江湖三女侠》,唐万英,镖师，唐晓澜的养父，海棠的妹夫。,other
《江湖三女侠》,王奕清,大学士。,other
《江湖三女侠》,尚云亭,铁扇帮帮主。,other
《江湖三女侠》,郝飞凤,人妖。,other
《江湖三女侠》,李思永,李自成的后裔。,other
《江湖三女侠》,傅鼐,清朝大将。,other
《江湖三女侠》,武元英,钟南派名宿。,other
《江湖三女侠》,霍玉堂,北方技击名家。,other
《江湖三女侠》,张熙,字敬卿，清代名儒，曾静的门生。,other
《江湖三女侠》,纳兰容若,康熙的儿时好友。,other
《江湖三女侠》,董小宛,,other
《江湖三女侠》,吕元,吕莹的堂侄，后成为玄风道长之徒。,other
《江湖三女侠》,杏花,李明珠的心腹婢女。,other
《江湖三女侠》,石振飞,京都名剑客。,other
《江湖三女侠》,张灵风,著名绿林大盗。,other
《江湖三女侠》,富山,军门提督。,other
《江湖三女侠》,藏古七信,蒙古番王。,other
《江湖三女侠》,孙克用,温州信奉吕留良之说的首要人物。,other
《江湖三女侠》,周敬舆,青州信奉吕留良之说的首要人物。,other
《江湖三女侠》,黄补庵,襄城信奉吕留良之说的首要人物。,other
《江湖三女侠》,沈在英,沈在宽的堂弟。,other
《江湖三女侠》,孤云道士,武当掌门。,other
《江湖三女侠》,石川生,桂仲明的长子。,other
《江湖三女侠》,王云锦,新科状元。,other
《江湖三女侠》,查嗣庭,两榜进士。,other
《江湖三女侠》,蓝立忠,内阁衙门文书，后调任广东河泊所官。,other
《江湖三女侠》,李赤心,,other
《江湖三女侠》,李敏达,允祯宠信的大臣。,other
《江湖三女侠》,车哲生,车鼎丰之子。,other
《江湖三女侠》,刘郁芳,,other
《江湖三女侠》,张维,域林军统领。,other
《冰川天女传》,桂冰娥,“冰川天女”，尼泊尔公主，后成为武当派长老，桂华生之女。,main
《冰川天女传》,唐经天,唐晓澜之子。,main
《冰川天女传》,陈天宇,陈定基之子，萧青峰之徒，后拜吕青为师。,main
《冰川天女传》,金世遗,“毒手疯丐”，毒龙尊者之徒。,main
《冰川天女传》,幽萍,桂冰娥的贴身侍女。,main
《冰川天女传》,芝娜,沁布藩王之女。,main
《冰川天女传》,李沁梅,李治之女，李青莲之妹。,main
《冰川天女传》,江南,陈天宇的书童。,main
《冰川天女传》,陈定基,萨迦宗的宣慰使。,other
《冰川天女传》,萧青峰,青城派高手。,other
《冰川天女传》,福康安,驻藏大臣，乾隆最宠爱的大将。,other
《冰川天女传》,崔云子,崆峒派一流高手。,other
《冰川天女传》,雷震子,“玉面狐狸”，武当派第二代大弟子，后成为武当派掌门，闲云道人之徒。,other
《冰川天女传》,虎子,崔云子之徒。,other
《冰川天女传》,唐晓澜,天山派掌门人，一代武学大宗师，杨仲英之徒。,other
《冰川天女传》,冒川生,中原武林第一高手，武当派长老，桂仲明的长子。,other
《冰川天女传》,谢云真,“夺命仙子”，峨嵋派第二代弟子中的第一高手，吕青之妻。,other
《冰川天女传》,吕四娘,“江湖三女侠”之一，“江南八侠”之一，当今天下第一前辈女侠，吕葆中之女。,other
《冰川天女传》,吕青,“铁拐仙”，甘凤池的首徒。,other
《冰川天女传》,麦永明,陕甘大侠，形意门名宿。,other
《冰川天女传》,吴绛仙,萧青峰的表妹，后成为萧青峰之妻。,other
《冰川天女传》,洛珠,沁布第一名勇士，芝娜的舅舅。,other
《冰川天女传》,月仙,桂冰娥的书房侍女。,other
《冰川天女传》,慧卿,桂冰娥的侍女。,other
《冰川天女传》,龙灵矫,福康安帐下参赞，年羹尧之子，唐金峰的关门弟子。,other
《冰川天女传》,颜洛,龙灵矫的师弟。,other
《冰川天女传》,张华,“铁拐”，大内八大高手之一。,other
《冰川天女传》,周五,“单刀”，大内八大高手之一。,other
《冰川天女传》,游一鄂,“银虹剑”，大内八大高手排名第二，武当派高手。,other
《冰川天女传》,焦春雷,大内八大高手之首，内廷侍卫统领。,other
《冰川天女传》,冯瑛,“江湖三女侠”之一，唐晓澜之妻，易兰珠之徒。,other
《冰川天女传》,冯琳,“江湖三女侠”之一，李治之妻，冯瑛的孪生妹妹。,other
《冰川天女传》,唐赛花,四川唐家二先生，唐金峰之女，王敖之妻。,other
《冰川天女传》,宗洛,驻藏大臣中的臬司。,other
《冰川天女传》,李青莲,李治之子。,other
《冰川天女传》,钟展,钟万堂的侄孙，唐晓澜之徒。,other
《冰川天女传》,杨柳青,杨仲英之女，邹锡九之妻，原唐晓澜的未婚妻。,other
《冰川天女传》,阿难,白教法王的首座弟子。,other
《冰川天女传》,郭台基,北京振威镖局的镖头。,other
《冰川天女传》,邹锡九,五行拳名家。,other
《冰川天女传》,邹绛霞,邹锡九之女。,other
《冰川天女传》,唐端,唐赛花之侄。,other
《冰川天女传》,黄石道人,崆峒派怪杰。,other
《冰川天女传》,玄武,石广生之徒。,other
《冰川天女传》,玄涵,石广生之徒。,other
《冰川天女传》,郝中浩,赤城岛主的首徒。,other
《冰川天女传》,凌一瓢,武当派弟子。,other
《冰川天女传》,金光长老,峨嵋山金光寺主持。,other
《冰川天女传》,桑壁伊,萨迦土司之女。,other
《冰川天女传》,额都,尼泊尔第一画师。,other
《冰川天女传》,罗超,福康安的卫士队长。,other
《冰川天女传》,史密夫,西洋武士。,other
《冰川天女传》,方今明,原允禔手下“军中二宝”之一。,other
《冰川天女传》,方雪君,方今明之女。,other
《冰川天女传》,三，反派人物,,other
《冰川天女传》,俄马登,萨迦宗土司手下四大巴涅之一，印度喀林邦土王的奸细。,other
《冰川天女传》,王流（瘤）子,崆峒派中杰出的人物，郑平之徒。,other
《冰川天女传》,毛彦,福康安帐下高手。,other
《冰川天女传》,伦博,福康安帐下高手。,other
《冰川天女传》,赵灵君,崆峒派掌门人。,other
《冰川天女传》,云灵子,青海灵山派名宿，清廷大内供俸。,other
《冰川天女传》,桑青娘,灵山派名宿，云灵子之妻。,other
《冰川天女传》,赤神子,康藏边境的老魔头。,other
《冰川天女传》,朱定,“飞火弹”，盗魁。,other
《冰川天女传》,谷石君,雀儿山野人。,other
《冰川天女传》,叶天任,灵山派掌门弟子。,other
《冰川天女传》,洞冥子,昆仑派长老。,other
《冰川天女传》,德鲁奇,印度喀林邦高手，苦行僧的师侄。,other
《冰川天女传》,基里星,印度喀林邦高手。,other
《冰川天女传》,董太清,萨天剌的首徒。,other
《冰川天女传》,泰吉提,尼泊尔第一国师，提摩达多的师侄。,other
《冰川天女传》,佟古拉,阿拉伯著名的袄教修士，提摩达多之徒。,other
《冰川天女传》,阿斯罗,阿拉伯著名的袄教修士，提摩达多之徒。,other
《冰川天女传》,提摩达多,东欧西亚第一高手。,other
《冰川天女传》,四、提到人物,,other
《冰川天女传》,和坤,乾隆最宠爱的奸臣。,other
《冰川天女传》,江合,萨迦宗土司手下四大巴涅之一,other
《冰川天女传》,晦明禅师,天山派始祖。,other
《冰川天女传》,凌未风,天山派第一代掌门。,other
《冰川天女传》,桂仲明,武当北派开山祖师。,other
《冰川天女传》,崔雨子,原峨嵋派掌门人，后被逐出师门，崔云子之弟。,other
《冰川天女传》,郑平,汝南武师。,other
《冰川天女传》,甘凤池,江南大侠。,other
《冰川天女传》,了因,原“江南八侠”之一。,other
《冰川天女传》,石广生,桂仲明的次子。,other
《冰川天女传》,桂华生,桂仲明的三子。,other
《冰川天女传》,冒浣莲,桂仲明之妻。,other
《冰川天女传》,闲云道人,武当派南支掌门，冒川生的师侄。,other
《冰川天女传》,辛龙子,桂仲明之师。,other
《冰川天女传》,卓一航,武当派远祖。,other
《冰川天女传》,冒辟疆,冒浣莲之父。,other
《冰川天女传》,独臂神尼,,other
《冰川天女传》,华玉,尼泊尔公主，桂华生之妻。,other
《冰川天女传》,杨云骢,抗清义士，晦明禅师之徒。,other
《冰川天女传》,乌蒙道长,崆峒派上一代掌门。,other
《冰川天女传》,武琼瑶,“天山七剑”之一，白发魔女的关门弟子。,other
《冰川天女传》,武元英,顺治年间的大侠。,other
《冰川天女传》,李治,武琼瑶之子。,other
《冰川天女传》,唐金峰,“二郎神”，天下第一暗器高手，四川唐家二先生。,other
《冰川天女传》,易兰珠,“天山七剑”之一，天山派前辈剑客。,other
《冰川天女传》,萨天剌,“八臂神魔”，猫鹰岛双魔之一。,other
《冰川天女传》,萨天都,猫鹰岛双魔之一，萨天剌的孪生弟弟。,other
《冰川天女传》,呼克济,哈萨克酋长。,other
《冰川天女传》,孟曼丽斯,呼克济之妻。,other
《冰川天女传》,黄仲则,诗人。,other
《冰川天女传》,纳兰容若,词人。,other
《冰川天女传》,钟万堂,无极派大宗师。,other
《冰川天女传》,允祯,雍正皇帝。,other
《冰川天女传》,王敖,,other
《冰川天女传》,杨仲英,“铁掌神弹”，山东大侠，北五省绿林领袖。,other
《冰川天女传》,年羹尧,前朝大将军。,other
《冰川天女传》,哈布陀,,other
《冰川天女传》,彩凤,陈定基家的丫头。,other
《冰川天女传》,韩重山,灵山派名宿。,other
《冰川天女传》,毒龙尊者,前辈高手中的第一怪人。,other
《冰川天女传》,叶横波,灵山派名宿，韩重山之妻。,other
《冰川天女传》,吕留良,一代大儒。,other
《冰川天女传》,吕葆中,吕留良之子。,other
《冰川天女传》,柳先开,“关东四侠”之一。,other
《冰川天女传》,陈元霸,“关东四侠”之一。,other
《冰川天女传》,允禔,康熙的十四子。,other
《冰川天女传》,科隆多,国舅。,other
《冰川天女传》,车辟邪,原允禔手下“军中二宝”之一，后投顺允祯。,other
《冰川天女传》,吴三桂,,other
《云海玉弓缘》,金世遗,“毒手疯丐”，毒龙尊者之徒。,main
《云海玉弓缘》,厉胜男,厉樊山之女，后成为天下第一高手，金世遗之妻，乔北溟的隔世弟子。,main
《云海玉弓缘》,谷之华,吕四娘之徒，孟神通之女，谷正朋的养子，后继任邙山派掌门。,main
《云海玉弓缘》,李沁梅,冯琳之女，后成为钟展之妻。,main
《云海玉弓缘》,江南,陈定基的义子，原陈天宇的书童。,other
《云海玉弓缘》,陈定基,原西藏萨迦宣慰使。,other
《云海玉弓缘》,陈天宇,陈定基之子。,other
《云海玉弓缘》,唐经天,唐晓澜之子。,other
《云海玉弓缘》,雷震子,武当派掌门，冒川生的首徒。,other
《云海玉弓缘》,幽萍,陈天宇之妻，原桂冰娥的侍女。,other
《云海玉弓缘》,桑壁伊,萨迦土司之女，陈天宇的未婚妻。,other
《云海玉弓缘》,杨柳青,杨仲英之女，邹锡九之妻，曾是唐晓澜的未婚妻。,other
《云海玉弓缘》,邹绛霞,邹锡九之女，后成为江南之妻。,other
《云海玉弓缘》,唐晓澜,天下第一高手，天山派掌门人，杨仲英之徒。,other
《云海玉弓缘》,冯琳,“江湖三女侠”之一，冯瑛之妹。,other
《云海玉弓缘》,冯瑛,“江湖三女侠”之一，唐晓澜之妻，易兰珠之徒。,other
《云海玉弓缘》,邹锡九,五行拳嫡传弟子。,other
《云海玉弓缘》,邓乾元,老英雄。,other
《云海玉弓缘》,郭从龙,老英雄。,other
《云海玉弓缘》,萧青峰,青城派名宿。,other
《云海玉弓缘》,雷音和尚,,other
《云海玉弓缘》,钟展,唐晓澜之徒。,other
《云海玉弓缘》,武定球,武成化的玄孙，武定周之弟。,other
《云海玉弓缘》,葛中,孟神通之徒。,other
《云海玉弓缘》,谢云真,“夺名仙子”，峨嵋派女侠，吕青之妻。,other
《云海玉弓缘》,翼仲牟,江南丐帮第十九代帮主，甘凤池的三弟子。,other
《云海玉弓缘》,吴绛仙,萧青峰之妻。,other
《云海玉弓缘》,路英豪,路民瞻之子。,other
《云海玉弓缘》,白英杰,白泰官之子。,other
《云海玉弓缘》,李应,李源之子。,other
《云海玉弓缘》,程浩,周浔之徒。,other
《云海玉弓缘》,曹锦儿,邙山派掌门，曹仁父之女。,other
《云海玉弓缘》,柳行森,谷正朋之徒。,other
《云海玉弓缘》,卢道璘,曹仁父之徒。,other
《云海玉弓缘》,林笙,路民瞻之徒。,other
《云海玉弓缘》,于郊,白泰官之徒。,other
《云海玉弓缘》,裘玉,白泰官之徒。,other
《云海玉弓缘》,霍宝猷,北京震远镖局总镖头。,other
《云海玉弓缘》,许安国,霍宝猷的拜把兄弟。,other
《云海玉弓缘》,丘元甲,百拙上人之徒。,other
《云海玉弓缘》,姬晓风,天下第一神偷，后拜孟神通为师。,other
《云海玉弓缘》,张炎,孟神通的六弟子。,other
《云海玉弓缘》,玄风,“关东四侠”之首。,other
《云海玉弓缘》,厉盼归,厉仲子之子。,other
《云海玉弓缘》,赵英华,曹锦儿之孙。,other
《云海玉弓缘》,赵英民,曹锦儿之孙，赵英华之弟。,other
《云海玉弓缘》,金光大师,“中原武林五老”之首，峨嵋派掌门。,other
《云海玉弓缘》,本空,少林寺监寺，痛禅上人的师弟。,other
《云海玉弓缘》,乌天朗,崆峒派长老。,other
《云海玉弓缘》,辛隐农,“中原武林五老”之末，青城派代掌门，韩隐樵的师弟。,other
《云海玉弓缘》,赞密法师,红教密宗高僧。,other
《云海玉弓缘》,桂冰娥,“冰川天女”，尼泊尔公主，佛教大护法，武当派长老，唐经天之妻，桂华生之女。,other
《云海玉弓缘》,阿罗尊者,龙叶上人之徒。,other
《云海玉弓缘》,痛禅上人,“中原武林五老”排名第二，中国第一高僧，少林寺方丈。,other
《云海玉弓缘》,大悲禅师,少林寺“十八罗汉”之首。,other
《云海玉弓缘》,丘毋奢,昆仑派长老。,other
《云海玉弓缘》,闲云道人,武当派三老之一，雷震子的师叔。,other
《云海玉弓缘》,松石道人,雷震子的师弟。,other
《云海玉弓缘》,凌一瓢,雷震子的师弟。,other
《云海玉弓缘》,大智,少林派弟子。,other
《云海玉弓缘》,齐天乐,祁连派掌门，乌天朗之友。,other
《云海玉弓缘》,郭嘉谟,武当派弟子。,other
《云海玉弓缘》,喜莲,定兴县村女。,other
《云海玉弓缘》,杜子祥,华山派弟子。,other
《云海玉弓缘》,方桐,崆峒派弟子。,other
《云海玉弓缘》,怀真,少林寺“十八罗汉”之一，痛禅上人之徒。,other
《云海玉弓缘》,焦湛,“冀北三魔”之一。,other
《云海玉弓缘》,王殷,“冀北三魔”之一。,other
《云海玉弓缘》,鲍旭,“冀北三魔”之一。,other
《云海玉弓缘》,颙琰,嘉庆皇帝，乾隆的十五子。,other
《云海玉弓缘》,唯识,少林寺达摩院长老。,other
《云海玉弓缘》,唯真,少林寺达摩院长老。,other
《云海玉弓缘》,大雄禅师,少林寺“十八罗汉”之一。,other
《云海玉弓缘》,叶野逸,江南医隐。,other
《云海玉弓缘》,青松道人,金光大师的首徒。,other
《云海玉弓缘》,三，反派人物,,other
《云海玉弓缘》,赵灵君,崆峒派掌门人。,other
《云海玉弓缘》,郝达三,山东绿林第一高手，泰山帮帮主，郝浩昌的堂侄。,other
《云海玉弓缘》,杜平,“白马”，采花大盗。,other
《云海玉弓缘》,邓茂,“金刀”,other
《云海玉弓缘》,许大猷,“盘龙拐”，山东绿林知名人物，赵铁汉的生死之交。,other
《云海玉弓缘》,赵铁汉,震山帮帮主，郝达三之友。,other
《云海玉弓缘》,郝浩昌,法号“海若”，萨天都之徒。,other
《云海玉弓缘》,藏灵上人,西藏密宗第一高手。,other
《云海玉弓缘》,韩超,郝达三之徒,other
《云海玉弓缘》,崔宏,震山帮副帮主。,other
《云海玉弓缘》,云灵子,灵山派掌门。,other
《云海玉弓缘》,桑青娘,云灵子之妻。,other
《云海玉弓缘》,桑木姥,桑青娘之姐。,other
《云海玉弓缘》,昆仑散人,,other
《云海玉弓缘》,金日磾,西域武林怪杰。,other
《云海玉弓缘》,孟神通,“武林二恶”之一，邪派第一高手。,other
《云海玉弓缘》,崔玖,,other
《云海玉弓缘》,项鸿,孟神通的大弟子。,other
《云海玉弓缘》,阳赤符,孟神通的师弟。,other
《云海玉弓缘》,吴蒙,孟神通的二弟子。,other
《云海玉弓缘》,灭法和尚,了因的二徒弟。,other
《云海玉弓缘》,耿纯,御林军统领，灭法和尚的首徒。,other
《云海玉弓缘》,秦岱,御林军统领，灭法和尚之徒。,other
《云海玉弓缘》,瞿修,孟神通的十一弟子。,other
《云海玉弓缘》,白良骥,御林军副指挥使，山东大同云镖师之徒。,other
《云海玉弓缘》,屠昭明,“坎离剑”，韩重山的二弟子，后拜东海坎离岛主为师。,other
《云海玉弓缘》,凌霄子,全真派第一高手，丘处机的第七代弟子。,other
《云海玉弓缘》,西门牧野,“武林二恶”之一，天下第一使毒高手。,other
《云海玉弓缘》,龟藏子,抱朴派高手。,other
《云海玉弓缘》,释道安,蒙藏一带的魔头。,other
《云海玉弓缘》,柳三春,山东三柳庄庄主。,other
《云海玉弓缘》,万应常,黑虎拳掌门人。,other
《云海玉弓缘》,云中现,游龙刀掌门人。,other
《云海玉弓缘》,司空化,御林军统领，全真派弟子，凌霄子的师弟。,other
《云海玉弓缘》,南宫乙,御林军教头。,other
《云海玉弓缘》,呼延旭,御林军高手，屠刚之徒。,other
《云海玉弓缘》,寇方皋,大内总管。,other
《云海玉弓缘》,无非大师,西藏黄教高手。,other
《云海玉弓缘》,连城宝,西门牧野的手下。,other
《云海玉弓缘》,连城玉,西门牧野的手下，连城宝的孪生弟弟。,other
《云海玉弓缘》,郝浩,孟神通之徒。,other
《云海玉弓缘》,商浩,“恶商贾”，孟神通的党羽。,other
《云海玉弓缘》,符离渐,屠龙岛主，孟神通之友。,other
《云海玉弓缘》,竺法兰,西域僧人。,other
《云海玉弓缘》,竺法休,西域僧人。,other
《云海玉弓缘》,四、提到人物,,other
《云海玉弓缘》,王老虎,吴县一霸，海洋帮香主。,other
《云海玉弓缘》,龙灵矫,武术异士。,other
《云海玉弓缘》,芝娜,,other
《云海玉弓缘》,杨仲英,“铁掌神弹”，北五省武林盟主。,other
《云海玉弓缘》,黄石道人,崆峒派名宿。,other
《云海玉弓缘》,毒龙尊者,武林怪杰。,other
《云海玉弓缘》,萨天都,“大力神魔”，萨天剌的孪生弟弟。,other
《云海玉弓缘》,萨天剌,“八臂神魔”。,other
《云海玉弓缘》,董太清,萨天剌之徒。,other
《云海玉弓缘》,赤神子,大魔头。,other
《云海玉弓缘》,桂华生,武当前辈名宿。,other
《云海玉弓缘》,晦明禅师,天山派始祖，霍天都之徒。,other
《云海玉弓缘》,霍天都,天山派开山始祖。,other
《云海玉弓缘》,乔北溟,明朝时期邪派第一高手。,other
《云海玉弓缘》,张丹枫,明朝时期的大侠。,other
《云海玉弓缘》,吕四娘,“江南七侠”之一，“江湖三女侠”之一，剑术大师，独臂神尼的关门弟子。,other
《云海玉弓缘》,冒川生,前辈武学大师，武当长老。,other
《云海玉弓缘》,武琼瑶,“天山七剑”之一，冯琳的婆婆。,other
《云海玉弓缘》,武成化,武琼瑶之兄。,other
《云海玉弓缘》,武定周,武成化的玄孙。,other
《云海玉弓缘》,厉樊山,厉抗天的后人。,other
《云海玉弓缘》,吕青,“铁拐仙”，江南丐帮第十八代帮主，甘凤池的大弟子。,other
《云海玉弓缘》,周骥,江南丐帮第十七代帮主，甘凤池的二弟子。,other
《云海玉弓缘》,冷白涛,江南丐帮第十六代帮主，甘凤池之友。,other
《云海玉弓缘》,甘凤池,江南大侠，武林领袖。,other
《云海玉弓缘》,独臂神尼,明朝公主，邙山派创派祖师。,other
《云海玉弓缘》,了因,独臂神尼的首徒。,other
《云海玉弓缘》,厉抗天,乔北溟的徒弟兼管家。,other
《云海玉弓缘》,路民瞻,“江南七侠”之一，独臂神尼之徒。,other
《云海玉弓缘》,白泰官,“江南七侠”之一，独臂神尼之徒。,other
《云海玉弓缘》,李源,“江南七侠”之一，独臂神尼之徒。,other
《云海玉弓缘》,周浔,“江南七侠”之一，独臂神尼之徒。,other
《云海玉弓缘》,曹仁父,“江南七侠”之一，独臂神尼之徒。,other
《云海玉弓缘》,谷正朋,两湖大侠。,other
《云海玉弓缘》,百拙上人,少林寺监寺。,other
《云海玉弓缘》,唐赛花,四川暗器名家。,other
《云海玉弓缘》,蒋鹿樵,河南有名的剑客，姬晓风的结拜兄弟。,other
《云海玉弓缘》,方君雄,河南独脚大盗。,other
《云海玉弓缘》,华玉,尼泊尔公主，桂华生之妻。,other
《云海玉弓缘》,沙天俊,鹰爪门掌门。,other
《云海玉弓缘》,朗月禅师,“关东四侠”之一。,other
《云海玉弓缘》,柳先开,“关东四侠”之一。,other
《云海玉弓缘》,陈玄霸,“关东四侠”之一。,other
《云海玉弓缘》,厉伯子,厉胜男的叔祖。,other
《云海玉弓缘》,厉仲子,厉伯子之弟。,other
《云海玉弓缘》,韩隐樵,“中原武林五老”之一，青城派掌门。,other
《云海玉弓缘》,龙叶上人,印度第一高手、高僧。,other
《云海玉弓缘》,无住禅师,少林第三十三代主持。,other
《云海玉弓缘》,允祯,雍正皇帝。,other
《云海玉弓缘》,黄叶道人,明末武当派长老。,other
《云海玉弓缘》,韩重山,前灵山派掌门。,other
《云海玉弓缘》,叶横波,韩重山之妻。,other
《云海玉弓缘》,叶天任,韩重山的掌门大弟子。,other
《云海玉弓缘》,缪三娘,崆峒派上代掌门。,other
《云海玉弓缘》,年羹尧,,other
《云海玉弓缘》,易兰珠,天山派前辈女侠。,other
《云海玉弓缘》,屠刚,“冀北人魔”。,other
《云海玉弓缘》,公孙狄,武林点穴名家。,other
《云海玉弓缘》,邓朝元,少林俗家弟子之首。,other
《云海玉弓缘》,无相神尼,峨嵋派高手，韩夫人之师。,other
《云海玉弓缘》,大通,少林寺弟子。,other
《云海玉弓缘》,凌未风,唐晓澜的师祖。,other
《冰河洗剑录》,江海天,江南之子，金世遗的大徒弟。,main
《冰河洗剑录》,谷中莲（唐努朗玛）,马萨儿国前王的三女儿，唐努珠穆的孪生妹妹，谷之华、丘岩的养女。,main
《冰河洗剑录》,金世遗,“毒手疯丐”，武学大师。,main
《冰河洗剑录》,谷之华,邙山派掌门，吕四娘之徒，孟神通之女，谷正朋的义女，金世遗的恋人。,main
《冰河洗剑录》,唐努章峰,冒名“叶冲霄”，马萨儿国前王的长子，宝象法师之徒，温盖的干儿子。,main
《冰河洗剑录》,欧阳婉,欧阳仲和的次女，阴圣姑之徒，后成为唐努章峰之妻。,main
《冰河洗剑录》,华云碧,华天风之女，后成为云琼之妻。,main
《冰河洗剑录》,唐努珠穆,原名“叶冲霄”，马萨儿国前王的次子，金世遗的二徒弟，叶君山的养子，后成为马萨儿国新国王。,main
《冰河洗剑录》,卡兰妮,天魔教主，童姥姥之徒，后成为厉复生之妻。,main
《冰河洗剑录》,厉复生,天魔教副教主，厉伯子之子。,main
《冰河洗剑录》,江南,陈天宇、姬晓风的义弟，原陈天宇的书童。,other
《冰河洗剑录》,杨柳青,杨仲英之女，原唐晓澜的未婚妻。,other
《冰河洗剑录》,邹绛霞,江南之妻，杨柳青之女。,other
《冰河洗剑录》,陈天宇,陈定基之子，萧青峰之徒。,other
《冰河洗剑录》,萧青峰,青城派名宿。,other
《冰河洗剑录》,大雄禅师,少林寺十八罗汉之一，痛禅上人之徒。,other
《冰河洗剑录》,大悲禅师,少林寺十八罗汉之首，痛禅上人之徒。,other
《冰河洗剑录》,崔云亮,萧青峰的大弟子。,other
《冰河洗剑录》,姬晓风,“天下第一神偷”，孟神通之徒。,other
《冰河洗剑录》,辛隐农,青城派掌门。,other
《冰河洗剑录》,雷震子,武当派掌门。,other
《冰河洗剑录》,胡乾,“小灵猿”，雷震子的首徒。,other
《冰河洗剑录》,成滔,“大力神”，雷震子之徒。,other
《冰河洗剑录》,抱拙道人,雷震子的师弟。,other
《冰河洗剑录》,张铁肩,山东独脚大盗。,other
《冰河洗剑录》,沙老大,伏虎寨的当家。,other
《冰河洗剑录》,沙老二,伏虎寨的当家，沙老大之弟。,other
《冰河洗剑录》,青松道人,金光大师的首徒。,other
《冰河洗剑录》,阳赤符,孟神通的师弟。,other
《冰河洗剑录》,竺法兰,天竺高手。,other
《冰河洗剑录》,竺法休,天竺高手，竺法兰的孪生弟弟。,other
《冰河洗剑录》,路英豪,邙山派六大弟子之一。,other
《冰河洗剑录》,白英杰,邙山派六大弟子之一。,other
《冰河洗剑录》,卢道璘,邙山派六大弟子之一。,other
《冰河洗剑录》,林笙,邙山派六大弟子之一。,other
《冰河洗剑录》,程浩,邙山派六大弟子之一。,other
《冰河洗剑录》,甘人龙,邙山派六大弟子之一，甘凤池之侄。,other
《冰河洗剑录》,翼仲牟,南丐帮帮主，谷之华的师兄。,other
《冰河洗剑录》,谢云真,“辣手仙娘”，峨嵋派弟子，周青之妻。,other
《冰河洗剑录》,静缘,邙山药王庙主持，谷之华的师姐。,other
《冰河洗剑录》,杨老三,陈天宇家的仆人。,other
《冰河洗剑录》,杨璘,江南名武师，叶君山之徒。,other
《冰河洗剑录》,唐经天,唐晓澜之子。,other
《冰河洗剑录》,华天风,“天下第一神医”，华山医隐，武林一流高手。,other
《冰河洗剑录》,仲长统,北丐帮帮主。,other
《冰河洗剑录》,欧阳伯和,终南山欧阳家三兄弟中的老大。,other
《冰河洗剑录》,欧阳仲和,终南山欧阳家三兄弟中的老二。,other
《冰河洗剑录》,云召,水云庄庄主，北方武林盟主，云重的后人。,other
《冰河洗剑录》,云琼,云召之子。,other
《冰河洗剑录》,云璧,云召之女，云琼之妹，后成为唐努珠穆之妻。,other
《冰河洗剑录》,韩璇,“铁鸳鸯”之一，北京镇远镖局总镖头。,other
《冰河洗剑录》,韩二娘,“铁鸳鸯”之一，韩璇之妻。,other
《冰河洗剑录》,侯义,云召的管家。,other
《冰河洗剑录》,宇文朗,云召的三弟子。,other
《冰河洗剑录》,于少鲲,镇远镖局的镖师，阴圣姑之徒，于大鹏之子。,other
《冰河洗剑录》,于大鹏,少林派俗家高手。,other
《冰河洗剑录》,龙隐大师,雁荡山龙湫寺方丈。,other
《冰河洗剑录》,湛空,龙隐大师之徒。,other
《冰河洗剑录》,欧阳清,欧阳仲和的长女，唐努章峰的情侣，后成为文道庄之妻。,other
《冰河洗剑录》,冰川天女,尼泊尔公主，佛教女护法，唐经天之妻。,other
《冰河洗剑录》,哈凡提,白教喇嘛。,other
《冰河洗剑录》,迦毗罗,白教四大护法弟子之一。,other
《冰河洗剑录》,叶渡,白教四大护法弟子之一。,other
《冰河洗剑录》,须菩提,白教四大护法弟子之首。,other
《冰河洗剑录》,巴勃,尼泊尔农家子弟，后成为大将军。,other
《冰河洗剑录》,唐加源,唐经天之子。,other
《冰河洗剑录》,龙灵矫,方今明的女婿。,other
《冰河洗剑录》,吉罗遮,金鹰宫七大护法名列第三。,other
《冰河洗剑录》,班栋,阿剌伯第一高手，提摩达多的师弟。,other
《冰河洗剑录》,叶塞罗,宝象法师之徒。,other
《冰河洗剑录》,福襄阿,宝象法师之徒。,other
《冰河洗剑录》,幽萍,陈天宇之妻，原冰川天女的侍女。,other
《冰河洗剑录》,苏湛,“赛仁贵”，独脚大盗，曾是孟神通的党羽之一。,other
《冰河洗剑录》,金日磾,“大漠奇人”，回族第一高手。,other
《冰河洗剑录》,全祖德,北丐帮副帮主。,other
《冰河洗剑录》,马良,“青海三马”中的老大。,other
《冰河洗剑录》,马骏,“青海三马”中的老二。,other
《冰河洗剑录》,马驰,“青海三马”中的老三。,other
《冰河洗剑录》,欧阳二娘,欧阳仲和之妻。,other
《冰河洗剑录》,宴源,海阳帮帮主。,other
《冰河洗剑录》,云安,云召的老仆人。,other
《冰河洗剑录》,玛依,玉玲珑的侍女。,other
《冰河洗剑录》,玉玲珑,玉鸣珂之女，玉昆仑之妹。,other
《冰河洗剑录》,玉昆仑,玉鸣珂之子。,other
《冰河洗剑录》,罗曼娜,昆布兰国公主，后继承王位，玉昆仑的情侣。,other
《冰河洗剑录》,霍宝猷,,other
《冰河洗剑录》,程灏,谷之华的师兄。,other
《冰河洗剑录》,三，反派人物,,other
《冰河洗剑录》,文廷璧,南海未名岛岛主，天魔教副教主。,other
《冰河洗剑录》,文道庄,文廷璧之侄。,other
《冰河洗剑录》,伊璧珠玛,缪南廷之妻，卡兰妮之姐，童姥姥之徒。,other
《冰河洗剑录》,阴圣姑,七阴教主。,other
《冰河洗剑录》,宝象法师,马萨儿国国师，龙叶上人之徒。,other
《冰河洗剑录》,蒲卢虎,“毒手天尊”。,other
《冰河洗剑录》,孔雀明伦王,白教法王的师弟。,other
《冰河洗剑录》,鲁兀,马萨儿国御林军正教头。,other
《冰河洗剑录》,鲁赤,马萨儿国御林军副教头，鲁兀之弟。,other
《冰河洗剑录》,木华黎,马萨儿国宫中的高手。,other
《冰河洗剑录》,景月上人,袄教高手。,other
《冰河洗剑录》,孟哈赤,尼泊尔第一高手。,other
《冰河洗剑录》,符离渐,东海屠龙岛岛主，孟神通之友。,other
《冰河洗剑录》,盖苏,盖温之子。,other
《冰河洗剑录》,穆九娘,“九尾妖狐”，天魔教香主之一。,other
《冰河洗剑录》,童姥姥,昆布兰国的金轮胜母。,other
《冰河洗剑录》,哈提,昆布兰国泰清王之子。,other
《冰河洗剑录》,麦维,孟哈赤的副手。,other
《冰河洗剑录》,佟元奇,大内第一高手，大内副总管，齐天乐之徒。,other
《冰河洗剑录》,四、提到人物,,other
《冰河洗剑录》,厉胜男,天魔教祖师，金世遗之徒，厉抗天的后人。,other
《冰河洗剑录》,杨仲英,“铁掌神弹”，北五省武林盟主。,other
《冰河洗剑录》,乔北溟,明末武学大师、大魔头。,other
《冰河洗剑录》,毒龙尊者,,other
《冰河洗剑录》,黄石道人,,other
《冰河洗剑录》,唐晓澜,“天下第一高手”，天山派掌门，武林领袖。,other
《冰河洗剑录》,陈定基,原萨迦宗宣慰使。,other
《冰河洗剑录》,孟神通,,other
《冰河洗剑录》,和珅,乾隆最宠爱的大臣。,other
《冰河洗剑录》,和琳,和珅之弟。,other
《冰河洗剑录》,丰绅殷德,和珅之子。,other
《冰河洗剑录》,薛福成,,other
《冰河洗剑录》,寇方皋,原大内总管。,other
《冰河洗剑录》,司空化,原御林军统领。,other
《冰河洗剑录》,痛禅上人,少林寺方丈。,other
《冰河洗剑录》,乌天朗,崆峒派长老。,other
《冰河洗剑录》,金光大师,峨嵋派名宿。,other
《冰河洗剑录》,独臂神尼,邙山派创派祖师。,other
《冰河洗剑录》,缪南廷,河南提督，后升为山东巡抚。,other
《冰河洗剑录》,丘岩,河南中牟县小地主，马萨儿国前王的心腹客卿，翼仲牟之友。,other
《冰河洗剑录》,吕留良,,other
《冰河洗剑录》,叶君山,马萨儿国前王的心腹客卿，杨庄之徒。,other
《冰河洗剑录》,杨庄,青城名宿。,other
《冰河洗剑录》,谷正朋,两湖大侠。,other
《冰河洗剑录》,叶野逸（叶逸苍）,江南医隐。,other
《冰河洗剑录》,曹仁父,“江南七侠”之一。,other
《冰河洗剑录》,吕四娘,邙山派第二代掌门。,other
《冰河洗剑录》,甘凤池,江南大侠。,other
《冰河洗剑录》,钟展,唐晓澜之徒。,other
《冰河洗剑录》,李沁梅,钟展之妻。,other
《冰河洗剑录》,霍天都,,other
《冰河洗剑录》,阴秀兰,明末七阴教主之女。,other
《冰河洗剑录》,厉抗天,乔北溟的仆人。,other
《冰河洗剑录》,桑青娘,藏边四大魔头之一。,other
《冰河洗剑录》,厉盼归,厉胜男之叔。,other
《冰河洗剑录》,桑璧伊,萨迦宗土司之女。,other
《冰河洗剑录》,曹锦儿,邙山派掌门。,other
《冰河洗剑录》,冯瑛,唐晓澜之妻。,other
《冰河洗剑录》,冯琳,冯瑛之妹。,other
《冰河洗剑录》,欧阳季和,终南山欧阳家三兄弟中的老三。,other
《冰河洗剑录》,龙叶上人,天竺第一高僧。,other
《冰河洗剑录》,张丹枫,明代大侠。,other
《冰河洗剑录》,云重,明代大侠。,other
《冰河洗剑录》,齐天乐,崆峒派名宿。,other
《冰河洗剑录》,傅青主,清初大儒兼名医，钟南派第六代祖师。,other
《冰河洗剑录》,提摩达多,阿剌伯武学大宗师。,other
《冰河洗剑录》,方今明,“神拳无敌”，隐居喜马拉雅山的大侠。,other
《冰河洗剑录》,盖温,马萨儿国国王，原前王手下大将。,other
《冰河洗剑录》,庞都,马萨儿国前王的忠仆。,other
《冰河洗剑录》,黑摩诃,天竺武学名家。,other
《冰河洗剑录》,白摩诃,天竺武学名家，黑摩诃之弟。,other
《冰河洗剑录》,八思巴,黄教始祖。,other
《冰河洗剑录》,玉鸣珂,昆仑隐侠。,other
《冰河洗剑录》,赤神子,藏边大魔头。,other
《冰河洗剑录》,厉伯子,,other
《冰河洗剑录》,周青,前任丐帮帮主，翼仲牟的师兄。,other
《冰河洗剑录》,额钦德,大内正总管。,other
《侠骨丹心》,金逐流,金世遗之子。,main
《侠骨丹心》,史红英,史白都之妹，后成为六合帮帮主。,main
《侠骨丹心》,厉南星,厉复生之子，金逐流的义兄。,main
《侠骨丹心》,公孙燕,公孙宏之女。,main
《侠骨丹心》,秦元浩,雷震子的关门弟子。,other
《侠骨丹心》,江海天,天下第一高手，武学大师，金世遗之徒，华天风的义子。,other
《侠骨丹心》,江晓芙,江海天之女，宇文兄之妻。,other
《侠骨丹心》,封子超,原清廷大内侍卫。,other
《侠骨丹心》,封妙娥,封子超之女，后成为秦元浩之妻。,other
《侠骨丹心》,欧阳婉,欧阳仲和之女，叶冲霄之妻。,other
《侠骨丹心》,仲长统,丐帮帮主。,other
《侠骨丹心》,叶慕华,江海天的大徒弟，叶冲霄之子。,other
《侠骨丹心》,李光夏,江海天之徒，李文成之子。,other
《侠骨丹心》,耿秀凤,叶慕华之妻。,other
《侠骨丹心》,一阳子,峨嵋派名宿，金光大师的俗家弟子，闲云长老的师弟。,other
《侠骨丹心》,唐加源,唐经天之子。,other
《侠骨丹心》,白雄,邙山派弟子。,other
《侠骨丹心》,金世遗,当世首屈一指的武学大师，真正的天下第一高手。,other
《侠骨丹心》,谷中莲,邙山派第四代掌门，江海天之妻，叶冲霄之妹。,other
《侠骨丹心》,萧志远,青城派高手，小金川义军首领。,other
《侠骨丹心》,谷之华,邙山派第三代掌门，金世遗之妻，孟神通之女，吕四娘之徒。,other
《侠骨丹心》,叶冲霄,马萨儿国大王子。,other
《侠骨丹心》,林道轩,江海天之徒，林清之子，后成为天理会总舵主。,other
《侠骨丹心》,竺尚父,天下第二高手，武学大宗师，西昌大凉山义军首领。,other
《侠骨丹心》,上官泰,天柱峰主。,other
《侠骨丹心》,竺清华,竺尚父之女，李光夏之妻。,other
《侠骨丹心》,上官纨,上官泰之女，林道轩之妻。,other
《侠骨丹心》,李敦,原史白都的记室，后成为六合帮副帮主。,other
《侠骨丹心》,陈天宇,江南武林领袖。,other
《侠骨丹心》,幽萍,陈天宇之妻，原冰川天女的侍女。,other
《侠骨丹心》,陈光照,陈天宇之子。,other
《侠骨丹心》,宫秉藩,红缨会香主。,other
《侠骨丹心》,石玄,红缨会香主。,other
《侠骨丹心》,秦冲,红缨会香主。,other
《侠骨丹心》,庄远,红缨会香主。,other
《侠骨丹心》,公孙宏,红缨会舵主。,other
《侠骨丹心》,何建雄,,other
《侠骨丹心》,何彩凤,何建雄之女，后成为李敦之妻。,other
《侠骨丹心》,戴均,字宜之，震远镖局老镖头。,other
《侠骨丹心》,尉迟炯,关东马贼，小金川义军头目。,other
《侠骨丹心》,戴谟,戴均的长子，四空上人之徒。,other
《侠骨丹心》,戴猷,戴均的次子。,other
《侠骨丹心》,丁彭,六合帮头目，丁固之子，史白都的亲信。,other
《侠骨丹心》,张宏,独脚大盗。,other
《侠骨丹心》,李壮,独脚大盗，张宏的结拜弟兄。,other
《侠骨丹心》,祈圣因,“千手观音”，尉迟炯之妻。,other
《侠骨丹心》,唐杰夫,天下第一铸剑师，四川暗器名家。,other
《侠骨丹心》,空照大师（四空上人）,西山卧佛寺方丈。,other
《侠骨丹心》,王泰,丐帮济南分舵舵主。,other
《侠骨丹心》,李茂,丐帮扬州分舵舵主。,other
《侠骨丹心》,石霞姑,陈光照的情侣。,other
《侠骨丹心》,春兰,曹振镛家的丫头。,other
《侠骨丹心》,王吉,六合帮小头目，李敦之友。,other
《侠骨丹心》,云龙,水云庄庄主。,other
《侠骨丹心》,云中燕,云龙之女，秦少阳之妻。,other
《侠骨丹心》,厉虎儿,饮马川寨主。,other
《侠骨丹心》,张鹏飞,跳虎涧寨主。,other
《侠骨丹心》,林岗,云龙的二徒弟。,other
《侠骨丹心》,秦少阳,云龙的掌门大徒弟。,other
《侠骨丹心》,芍药,史红英的心腹丫鬟。,other
《侠骨丹心》,牡丹,史红英的心腹丫鬟。,other
《侠骨丹心》,关大伦,义军派在西昌的卧底。,other
《侠骨丹心》,孙百禄,长鲸帮帮主。,other
《侠骨丹心》,孙百寿,长鲸帮香主，孙百禄之弟。,other
《侠骨丹心》,韩正达,天魔教忠字堂副香主。,other
《侠骨丹心》,牟宗涛,扶桑派掌门弟子，虬髯客的第二十七代传人，牟沧浪的后人。,other
《侠骨丹心》,甘人龙,邙山派四大弟子之首，甘凤池的后人。,other
《侠骨丹心》,石卫,“扶桑七子”之一。,other
《侠骨丹心》,桑青,“扶桑七子”之一，石卫之妻。,other
《侠骨丹心》,林无双,牟宗涛的表妹，飞鱼岛主之女。,other
《侠骨丹心》,练彩虹,“扶桑七子”之一，林无双的儿时好友，宗神龙妻子的关门弟子，牟宗涛的未婚妻。,other
《侠骨丹心》,宗达完真,白教大喇嘛，白教法王的大弟子。,other
《侠骨丹心》,三，反派人物,,other
《侠骨丹心》,文道庄,御林军副统领，文廷璧之侄。,other
《侠骨丹心》,文中胜,文道庄之子。,other
《侠骨丹心》,朱虎臣,大内侍卫。,other
《侠骨丹心》,车锐,大内侍卫。,other
《侠骨丹心》,帅孟雄,西昌将军，关外第一高手。,other
《侠骨丹心》,欧阳坚,欧阳伯和之子。,other
《侠骨丹心》,阳浩,阳赤符之子。,other
《侠骨丹心》,龚平野,阳浩之徒。,other
《侠骨丹心》,史白都,六合帮帮主。,other
《侠骨丹心》,萨福鼎,大内总管。,other
《侠骨丹心》,圆海,六合帮四大香主之一。,other
《侠骨丹心》,青符,六合帮四大香主之一。,other
《侠骨丹心》,焦磊,六合帮四大香主之一，远东独脚大盗。,other
《侠骨丹心》,董十三娘,六合帮四大香主之一，史白都的情妇。,other
《侠骨丹心》,杜大业,白虎帮帮主，高大成的师弟。,other
《侠骨丹心》,郑雄图,冀北独脚大盗，后成为西昌将军府卫士教头。,other
《侠骨丹心》,高大成,青龙帮帮主。,other
《侠骨丹心》,钱大,沙千峰的心腹。,other
《侠骨丹心》,沙千峰,海砂帮帮主，史白都的八拜之交。,other
《侠骨丹心》,彭巨嵘,曹振镛家的护院，少林寺叛徒。,other
《侠骨丹心》,连城虎,曹振镛家的护院，青州连家子弟。,other
《侠骨丹心》,沙重山,沙千峰之子。,other
《侠骨丹心》,田峻,独脚大盗。,other
《侠骨丹心》,魏琦,独脚大盗。,other
《侠骨丹心》,贺大娘,厉胜男的侍女，石霞姑的奶妈。,other
《侠骨丹心》,曹通,曹振镛之子。,other
《侠骨丹心》,安俊庭,西昌将军府总管。,other
《侠骨丹心》,宗神龙,“扶桑七子”之首。,other
《侠骨丹心》,四、提到人物,,other
《侠骨丹心》,雷震子,武当派掌门。,other
《侠骨丹心》,松石,雷震子的师弟。,other
《侠骨丹心》,文廷璧,东海无名岛岛主，一派武学大宗师。,other
《侠骨丹心》,欧阳仲和,大魔头，欧阳伯和之弟。,other
《侠骨丹心》,唐晓澜,天山派老掌门。,other
《侠骨丹心》,痛禅上人,少林派长老。,other
《侠骨丹心》,金光大师,峨嵋派名宿。,other
《侠骨丹心》,苏蒙,大内高手。,other
《侠骨丹心》,叶凌风,叶屠户之子。,other
《侠骨丹心》,闲云长老,峨嵋派掌门。,other
《侠骨丹心》,唐经天,天山派掌门。,other
《侠骨丹心》,大悲禅师,少林寺主持。,other
《侠骨丹心》,萧青峰,萧志远的祖父。,other
《侠骨丹心》,姬晓风,妙手神偷。,other
《侠骨丹心》,江南,江海天之父，陈天宇、姬晓风的结拜兄弟，原陈天宇的书童。,other
《侠骨丹心》,毒龙尊者,金世遗之师。,other
《侠骨丹心》,吕四娘,邙山派第二代掌门，吕留良之女，独臂神女之徒。,other
《侠骨丹心》,乔北溟,,other
《侠骨丹心》,赤神子,前辈魔头。,other
《侠骨丹心》,欧阳伯和,邪派大魔头。,other
《侠骨丹心》,冷天樵,小金川义军首领。,other
《侠骨丹心》,孟神通,三四十年前的邪派第一魔头。,other
《侠骨丹心》,阳赤符,孟神通的师弟。,other
《侠骨丹心》,厉胜男,天魔教祖师，武林第一高手，金世遗之妻。,other
《侠骨丹心》,厉复生,厉胜男之侄。,other
《侠骨丹心》,连城璧,连城虎的堂兄。,other
《侠骨丹心》,连城玉,连城璧的孪生弟弟。,other
《侠骨丹心》,曹振镛,文华殿大学士。,other
《侠骨丹心》,穆彰阿,相国。,other
《侠骨丹心》,宇文朗,震远镖局的镖师。,other
《侠骨丹心》,丁固,震远镖局的镖头。,other
《侠骨丹心》,吕留良,明末清初的大儒。,other
《侠骨丹心》,石谷风,石霞姑的堂叔。,other
《侠骨丹心》,李文成,天理会香主。,other
《侠骨丹心》,罗大魁,秦岭强盗头子。,other
《侠骨丹心》,华天风,“天下第一名医”，华山医隐。,other
《侠骨丹心》,漱石道人,华天风之徒。,other
《侠骨丹心》,牟沧浪,唐代武学宗师，虬髯客的传人。,other
《侠骨丹心》,铁摩勒,,other
《侠骨丹心》,空空儿,,other
《侠骨丹心》,独臂神尼,明朝公主，邙山派开山祖师。,other
《侠骨丹心》,凌未风,天山派祖师。,other
《侠骨丹心》,甘凤池,江南大侠。,other
《侠骨丹心》,路民瞻,江南大侠。,other
《侠骨丹心》,白泰官,江南大侠。,other
《侠骨丹心》,李源,江南大侠。,other
《侠骨丹心》,白英杰,邙山派四大弟子之一，白泰官的后人。,other
《侠骨丹心》,路英豪,邙山派四大弟子之一，路民瞻的后人。,other
《侠骨丹心》,虬髯客,扶桑派开山祖师。,other
《侠骨丹心》,提摩达多,阿剌伯武学大师。,other
《侠骨丹心》,林清,天理会前任舵主。,other
《侠骨丹心》,张士龙,天理会总舵主，林清的结拜兄弟。,other
《塞外奇侠传》,杨云骢,北疆抗清英雄，明代忠臣之后，晦明禅师的大弟子。,main
《塞外奇侠传》,哈玛雅,“飞红巾”，南疆各族新盟主，唐努之女，白发魔女之徒。,main
《塞外奇侠传》,纳兰明慧,纳兰秀吉之女，杨云骢的恋人，后成为多铎的未婚妻。,main
《塞外奇侠传》,伊士达,哈萨克族出名的年轻勇士。,other
《塞外奇侠传》,麦盖提,哈萨克族出名的年轻勇士。,other
《塞外奇侠传》,晦明禅师,一派大师。,other
《塞外奇侠传》,阿盖,塔山族勇士，南疆第一摔跤好手。,other
《塞外奇侠传》,德卡,塔山族大力士。,other
《塞外奇侠传》,巴拉,塔山族酋长，内家高手。,other
《塞外奇侠传》,孟禄,喀达尔族酋长。,other
《塞外奇侠传》,卓一航,原武当派掌门。,other
《塞外奇侠传》,何绿华,黄叶道人的俗家女弟子。,other
《塞外奇侠传》,曼玲娜,麦盖提的情侣。,other
《塞外奇侠传》,白发魔女,武林第一女剑客，原川中大盗，卓一航的情侣。,other
《塞外奇侠传》,辛龙子,卓一航之徒。,other
《塞外奇侠传》,黄叶道人,武当派第一高手，卓一航的师叔。,other
《塞外奇侠传》,白石道人,卓一航的师叔。,other
《塞外奇侠传》,罗铁臂,塞外游侠，原川中大盗，白法魔女的得力助手。,other
《塞外奇侠传》,杨宝珠,杨云骢之女。,other
《塞外奇侠传》,三，反派人物,,other
《塞外奇侠传》,楚昭南,晦明禅师的二弟子。,other
《塞外奇侠传》,纽祜庐,齐真君之徒。,other
《塞外奇侠传》,多铎,定远将军，纽祜庐的师侄，后承袭鄂亲王，升任两江提督。,other
《塞外奇侠传》,纳兰秀吉,伊梨将军，后调任杭州总兵。,other
《塞外奇侠传》,押不庐,罗布族歌手，哈玛雅的情人。,other
《塞外奇侠传》,罗大洪,纳兰秀吉帐下牙将，楚昭南的副手，原关内独脚大盗。,other
《塞外奇侠传》,邱东洛,齐真君的三弟子。,other
《塞外奇侠传》,柳西岩,齐真君的五弟子。,other
《塞外奇侠传》,哈合图,多铎帐下大将。,other
《塞外奇侠传》,天蒙禅师,天龙禅师的师弟。,other
《塞外奇侠传》,王大须子,喀尔沁草原马贼。,other
《塞外奇侠传》,天华和尚,天蒙禅师的师弟。,other
《塞外奇侠传》,焦化,大内一等卫士，原关内大盗，川中名捕。,other
《塞外奇侠传》,甘天立,大内卫士，原川中名捕。,other
《塞外奇侠传》,四、提到人物,,other
《塞外奇侠传》,齐真君,关外第一名武师。,other
《塞外奇侠传》,唐努,罗布族老英雄。,other
《塞外奇侠传》,阿巴古,满军蓝旗都统。,other
《塞外奇侠传》,阿远多,维吾尔异人。,other
《塞外奇侠传》,天龙禅师,天龙派祖师。,other
《塞外奇侠传》,红叶道人,卓一航的师叔。,other
《塞外奇侠传》,青蓑道人,卓一航的师叔。,other
《塞外奇侠传》,李锦,李闯王之子。,other
《游剑江湖》,缪长风,江湖游侠。,main
《游剑江湖》,云紫萝,云重山之女，孟元超的情侣，杨牧之妻，刘隐农的干女儿。,main
《游剑江湖》,孟元超,小金川义军首领，吕寿昆之徒。,main
《游剑江湖》,林无双,扶桑派新掌门，林北溟之女，牟宗涛的表妹。,main
《游剑江湖》,宋腾霄,宋时轮之子，孟元超、云紫萝的好友。,main
《游剑江湖》,吕思美,吕寿昆之女。,main
《游剑江湖》,方亮,杨牧的三弟子。,other
《游剑江湖》,范魁,杨牧的四弟子。,other
《游剑江湖》,宋鹏举,杨牧的五弟子。,other
《游剑江湖》,胡联奎,杨牧的六弟子。,other
《游剑江湖》,孟（杨）华,孟元超与云紫萝之子，后成为卜天雕、段仇世之徒。,other
《游剑江湖》,翠花,服侍云紫萝的丫头。,other
《游剑江湖》,杨莲,“辣手观音”，杨牧之姐，齐绍北之妻。,other
《游剑江湖》,齐世杰,齐绍北之子。,other
《游剑江湖》,张逍遥,“快活张”，天下第一神偷，姬晓风的再传弟子。,other
《游剑江湖》,齐建业,“四海神龙”，齐绍北之叔。,other
《游剑江湖》,冷铁樵,小金川义军领袖。,other
《游剑江湖》,萧志远,小金川义军领袖，青城派弟子。,other
《游剑江湖》,仲长统,北丐帮帮主。,other
《游剑江湖》,金逐流,金世遗之子。,other
《游剑江湖》,厉南星,红缨会总舵主，剑术大名家。,other
《游剑江湖》,尉迟炯,关东十三家牧场总场主。,other
《游剑江湖》,祈圣因,“千手观音”，尉迟炯之妻。,other
《游剑江湖》,卜天雕,“八臂灵猿”，“点苍（滇南）双煞”之一，段仇世的师兄。,other
《游剑江湖》,段仇世,本名段苍平，“冷面书生”，“点苍（滇南）双煞”之一，大理段家子弟。,other
《游剑江湖》,史红英,六合帮帮主，金逐流之妻。,other
《游剑江湖》,练彩虹,“扶桑七子”之一，牟宗涛之妻，林无双的儿时好友。,other
《游剑江湖》,李敦,六合帮副帮主。,other
《游剑江湖》,秦冲,“霹雳火”，六合帮副帮主。,other
《游剑江湖》,小牛儿,云紫萝的邻家小孩。,other
《游剑江湖》,陈天宇,江南大侠，剑术大行家。,other
《游剑江湖》,陈光照,陈天宇的长子。,other
《游剑江湖》,陈光世,陈天宇的次子。,other
《游剑江湖》,邵紫薇,邵叔度之女，邵鹤年之妹。,other
《游剑江湖》,萧月仙,萧景熙之女。,other
《游剑江湖》,邵鹤年,邵叔度之子。,other
《游剑江湖》,邵叔度,萧景熙之友。,other
《游剑江湖》,魏帼英,萧景熙之妻，云紫萝的姨妈。,other
《游剑江湖》,韩威武,震远镖局总镖头，韩巨源之子。,other
《游剑江湖》,戴谟,戴均之子。,other
《游剑江湖》,李光夏,天地会副舵主，江海天的四弟子。,other
《游剑江湖》,石卫,“扶桑七子”之一，后任扶桑派副掌门。,other
《游剑江湖》,桑青,“扶桑七子”之一，石卫之妻。,other
《游剑江湖》,陈德泰,“烟杆开碑”，小镇酒馆老板。,other
《游剑江湖》,徐子嘉,韩威武的得力助手。,other
《游剑江湖》,石冲,韩威武的得力助手。,other
《游剑江湖》,白武子,韩威武的师弟。,other
《游剑江湖》,李同川,“李麻子”，“李穿洞”，天下第二神偷。,other
《游剑江湖》,王元通,“天南一柱”，震远镖局扬州分局总镖头。,other
《游剑江湖》,刘隐农,武林侠隐，韩巨源的八拜之交。,other
《游剑江湖》,韩朋,长芦盐商的女婿，刘抗之友。,other
《游剑江湖》,刘抗,天地会香主。,other
《游剑江湖》,罗金鳌,海砂帮帮主。,other
《游剑江湖》,王丘,王元通的大弟子。,other
《游剑江湖》,贺铸,王元通的二弟子。,other
《游剑江湖》,邓炳,王元通的四弟子。,other
《游剑江湖》,武端,武定方之子。,other
《游剑江湖》,武庄,武定方之女，武端之妹，刘抗的未婚妻。,other
《游剑江湖》,张源,海砂帮副帮主。,other
《游剑江湖》,尤大全,五龙帮帮主。,other
《游剑江湖》,韩老四,尤大全的手下。,other
《游剑江湖》,招显山,“扶桑七子”之一。,other
《游剑江湖》,赵弘,“扶桑七子”之一。,other
《游剑江湖》,赵一行,扶桑派弟子。,other
《游剑江湖》,方谷虚,“东海散人”，牟宗涛的师叔。,other
《游剑江湖》,程新彦,原江苏淮安富户。,other
《游剑江湖》,程玉珠,程新彦之女。,other
《游剑江湖》,段剑青,大理“小王爷”，段仇世之侄。,other
《游剑江湖》,葛进财,候补官。,other
《游剑江湖》,金光斗,候补官。,other
《游剑江湖》,邓发,小金川附近村民。,other
《游剑江湖》,三，反派人物,,other
《游剑江湖》,杨牧,蓟州名武师。,other
《游剑江湖》,闵成龙,震远镖局镖头，杨牧的大弟子。,other
《游剑江湖》,岳豪,蓟州首富，杨牧的二弟子。,other
《游剑江湖》,焦雷,“滇南四虎”中的老大，石朝玑的手下。,other
《游剑江湖》,焦电,“滇南四虎”中的老二，石朝玑的手下。,other
《游剑江湖》,焦风,“滇南四虎”中的老三，石朝玑的手下。,other
《游剑江湖》,焦云,“滇南四虎”中的老四，石朝玑的手下。,other
《游剑江湖》,石朝玑,御林军副统领，欧阳坚之徒，原独脚大盗。,other
《游剑江湖》,宗神龙,“扶桑七子”之首，练彩虹的师公。,other
《游剑江湖》,牟宗涛,扶桑派掌门，牟沧浪的后人。,other
《游剑江湖》,北宫望,御林军统领。,other
《游剑江湖》,连甘沛,“连家白眉”，天下第一点穴名家，连家子弟，连城虎之侄。,other
《游剑江湖》,西门灼,北宫望的师弟。,other
《游剑江湖》,欧阳坚,震远镖局副总镖头。,other
《游剑江湖》,唐天纵,“唐家三老”中的老二，四川唐家二房家主，天下第一暗器名家。,other
《游剑江湖》,刘兴元,震远镖局的镖头。,other
《游剑江湖》,炎炎和尚,御林军统领府的高手。,other
《游剑江湖》,玄风道人,北宫望的手下。,other
《游剑江湖》,葛老二,暗器高手。,other
《游剑江湖》,楚天雄,“通天狐”，西南独脚大盗。,other
《游剑江湖》,夏平,,other
《游剑江湖》,廖凡,夏平的老搭档。,other
《游剑江湖》,宝相法师,西山卧佛寺主持，原布达拉宫护法。,other
《游剑江湖》,于长吉,大内高手。,other
《游剑江湖》,庄鲲,大内高手。,other
《游剑江湖》,韩拓,大内高手。,other
《游剑江湖》,洪大祥,大内高手。,other
《游剑江湖》,西门虎,黑道中人。,other
《游剑江湖》,魏庆,黑道中人。,other
《游剑江湖》,伍宏,黑道中人。,other
《游剑江湖》,金太鼎,黑道中人。,other
《游剑江湖》,沙弥远,少林寺叛徒，痛禅上人之徒。,other
《游剑江湖》,郝侃,缪长风的师兄。,other
《游剑江湖》,张宏达,五龙帮副帮主，西藏密宗汉人弟子。,other
《游剑江湖》,乔海鹏,东海海盗首领。,other
《游剑江湖》,包毅,“扶桑七子”之一。,other
《游剑江湖》,周鼎,鲁西巨盗。,other
《游剑江湖》,杨茂林,黑石庄庄主。,other
《游剑江湖》,黄栋臣,清军总兵。,other
《游剑江湖》,四、提到人物,,other
《游剑江湖》,云重山,抗清义士。,other
《游剑江湖》,宋时轮,云重山、吕寿昆之友。,other
《游剑江湖》,吕寿昆,“金刀”，抗清义士。,other
《游剑江湖》,宋维松,清初词人。,other
《游剑江湖》,和珅,清廷宰相。,other
《游剑江湖》,吕思豪,吕寿昆之子，吕思美之弟。,other
《游剑江湖》,元一冲,疗毒圣手，仲长统之徒。,other
《游剑江湖》,无碍大师,少林寺“十八罗汉”之首。,other
《游剑江湖》,江海天,武林第一高手，金世遗之徒。,other
《游剑江湖》,林道轩,天地会总舵主，江海天的三弟子。,other
《游剑江湖》,叶慕华,大凉山义军副首领，江海天的大弟子。,other
《游剑江湖》,宇文雄,江湖游侠，江海天的二弟子。,other
《游剑江湖》,公孙燕,厉南星之妻，公孙宏之女。,other
《游剑江湖》,萨福鼎,大内总管。,other
《游剑江湖》,点苍上人,卜天雕、段仇世之师。,other
《游剑江湖》,大悲禅师,,other
《游剑江湖》,竺尚父,大凉山义军首领。,other
《游剑江湖》,虬髯客,唐代武学大宗师，扶桑派始祖。,other
《游剑江湖》,林北溟,飞鱼岛主，牟沧浪弟子的后人。,other
《游剑江湖》,牟沧浪,扶桑派第二代祖师，虬髯客的大弟子。,other
《游剑江湖》,姬晓风,神偷。,other
《游剑江湖》,萧景熙,武林名人。,other
《游剑江湖》,谷之华,氓山派掌门，金世遗之妻。,other
《游剑江湖》,曹振镛,宰相。,other
《游剑江湖》,连城虎,连家笔掌门人,other
《游剑江湖》,帅孟雄,西昌将军。,other
《游剑江湖》,齐绍北,,other
《游剑江湖》,孟千山,饮马川寨主，萧景熙之友。,other
《游剑江湖》,韩巨源,京师震远镖局前一任总镖头，北方镖行领袖。,other
《游剑江湖》,戴均,震远镖局前任总镖头。,other
《游剑江湖》,唐天横,“唐家三老”中的老大，四川唐家长房家主,other
《游剑江湖》,唐天直,“唐家三老”中的老三，四川唐家三房家主,other
《游剑江湖》,朱竹垞,清初词人。,other
《游剑江湖》,管昆吾,滇南大侠。,other
《游剑江湖》,公孙宏,红缨会前任帮主。,other
《游剑江湖》,雷震子,武当派掌门。,other
《游剑江湖》,龙树法师,布达拉宫监寺，宝相法师的师弟。,other
《游剑江湖》,吴谷人,清初才子。,other
《游剑江湖》,谢启昆,扬州知府。,other
《游剑江湖》,蒋心余,清廷太史。,other
《游剑江湖》,华天风,华山医隐。,other
《游剑江湖》,赵文绮,武定方之妻，缪长风的师姐。,other
《游剑江湖》,痛禅上人,少林第一高手。,other
《游剑江湖》,劳全佑,崆峒派高手。,other
《游剑江湖》,史白都,原六合帮帮主。,other
《游剑江湖》,朱圣庵,,other
《游剑江湖》,唐经天,天山派掌门，当代第一位武学宗师。,other
《游剑江湖》,曹雪芹,乾隆年间北京才子，《石头记》作者。,other
《游剑江湖》,高鹗,《石头记》后四十回续写者。,other
《游剑江湖》,纳兰容若,清初词人，纳兰明珠之子。,other
《游剑江湖》,顾贞观,号梁汾，纳兰明珠的幕客，纳兰容若之友。,other
《游剑江湖》,吴汉槎,江南才子，纳兰容若、顾贞观之友。,other
《游剑江湖》,纳兰明珠,太傅。,other
《游剑江湖》,顾忠,,other
《游剑江湖》,武定方,反清志士。,other
《游剑江湖》,张丹枫,明代大宗师。,other
《游剑江湖》,铁镜心,明代江南武学名家，沐璘的姐夫。,other
《游剑江湖》,沐璘,张丹枫的记名弟子，沐英之子。,other
《游剑江湖》,沐英,黔国公，明朝开国功臣。,other
《游剑江湖》,叶宏章,西南五省的游侠。,other
《游剑江湖》,丹丘生,崆峒派第一高手，崆峒派第二代弟子，段仇世之友。,other
《游剑江湖》,凌虚子,崆峒派掌门。,other
《风雷震九州》,宇文雄,宇文朗之子，后成为江海天的二弟子。,main
《风雷震九州》,江晓芙,江海天之女。,main
《风雷震九州》,叶慕华（唐努弥支）,原名叶凌风，叶冲霄之子，后成为江海天之徒。,main
《风雷震九州》,江海天,天下第一高手，金世遗之徒，江南之子，华天风的义子。,main
《风雷震九州》,李光夏,李文成之子，后成为江海天的三弟子。,main
《风雷震九州》,林道轩,林清之子，后成为江海天的四弟子。,main
《风雷震九州》,萧志远,武当、青城派弟子，萧青峰之孙，萧志宏之弟，后成为小金川义军首领。,other
《风雷震九州》,谷中莲,氓山派掌门，江海天之妻，叶冲霄、唐努珠穆之妹，谷之华之徒。,other
《风雷震九州》,江南,萧青峰之徒。,other
《风雷震九州》,谢云真,“辣手仙姑”，氓山派弟子，谷中莲的师姑。,other
《风雷震九州》,林清,天理教副教主，张廷玉死后升为教主。,other
《风雷震九州》,李文成,天理教香主，林清的结拜兄弟。,other
《风雷震九州》,程百岳,天理会武邑分舵舵主。,other
《风雷震九州》,冷天禄,小金川十三家总寨主，四川绿林第一高手。,other
《风雷震九州》,张士龙,米脂藏龙堡堡主，陕北武林领袖，林清的八拜之交，林清死后成为天理教教主。,other
《风雷震九州》,涵虚道人,泰山玉皇观主持。,other
《风雷震九州》,冷铁樵,冷天禄之侄。,other
《风雷震九州》,小菊,祈圣因的丫鬟。,other
《风雷震九州》,雷震子,“武林四大剑学名家”之一，武当派掌门。,other
《风雷震九州》,大悲禅师,少林寺方丈。,other
《风雷震九州》,祈圣因,“千手观音”，尉迟炯之妻，李文成的表妹。,other
《风雷震九州》,尉迟炯,关外独脚大盗。,other
《风雷震九州》,杨必大,丐帮德州分舵舵主，元一冲的师叔。,other
《风雷震九州》,甘人龙,氓山派长老，甘凤池之子。,other
《风雷震九州》,林笙,氓山派长老。,other
《风雷震九州》,元一冲,丐帮八袋弟子，仲长统的大弟子。,other
《风雷震九州》,仲长统,丐帮总帮主，原北丐帮帮主。,other
《风雷震九州》,金哥,小贩。,other
《风雷震九州》,上官泰,天笔峰山主。,other
《风雷震九州》,竺清华,竺尚父之女，上官纨、杨芃的表妹。,other
《风雷震九州》,上官纨,上官泰之女。,other
《风雷震九州》,岳霆,“霹雳火”，关外马贼，尉迟炯的结拜兄弟。,other
《风雷震九州》,葛三娘,马贼首领，岳霆之妻。,other
《风雷震九州》,白英杰,“小诸葛”，氓山派长老，白泰官之子。,other
《风雷震九州》,路英豪,氓山派长老。,other
《风雷震九州》,静缘,氓山派弟子，谷中莲的师叔。,other
《风雷震九州》,法华上人,峨嵋派长老，金光上人之徒。,other
《风雷震九州》,辛隐农,“武林四大剑学名家”之一，青城派掌门。,other
《风雷震九州》,钟展,天山派长老，唐晓澜的大弟子。,other
《风雷震九州》,李沁梅,钟展之妻。,other
《风雷震九州》,钟灵,钟展之子。,other
《风雷震九州》,钟灵,钟展之女，钟灵之妹。,other
《风雷震九州》,大雄禅师,少林寺罗汉堂长老。,other
《风雷震九州》,卢道璘,氓山派长老。,other
《风雷震九州》,松石道人,武当派长老，雷震子的师弟。,other
《风雷震九州》,竺尚父,天下第二高手，库车国王子，后成为西昌义军统帅。,other
《风雷震九州》,戴均,天理会香主。,other
《风雷震九州》,崔进,天理会北京分舵副舵主。,other
《风雷震九州》,耿秀凤,飞凤山寨主，伊宁总兵之女，欧阳大娘之徒。,other
《风雷震九州》,甘霸,氓山派第三代弟子，甘人龙之子。,other
《风雷震九州》,白雄,氓山派第三代弟子，白英杰之子。,other
《风雷震九州》,玛花,耿秀凤之友。,other
《风雷震九州》,安平,竺尚父家的老仆。,other
《风雷震九州》,三，反派人物,,other
《风雷震九州》,叶廷宗,冒名叶凌风，叶少奇之子，崔云亮之徒，后成为江海天门下叛徒。,other
《风雷震九州》,彭洪,江湖剧盗。,other
《风雷震九州》,黑木大师,千佛寺高僧。,other
《风雷震九州》,白涛道人,万妙观主持，大内侍卫。,other
《风雷震九州》,褚元,“七步追魂手”，清宫带刀侍卫，原独脚大盗。,other
《风雷震九州》,叶少奇,“叶屠户”，陕甘总督，后调任四川总督。,other
《风雷震九州》,鹿克犀,“独角鹿”，“祁连三兽”中的老大。,other
《风雷震九州》,羊吞虎,“祁连三兽”中的老二。,other
《风雷震九州》,马胜龙,“祁连三兽”中的老三。,other
《风雷震九州》,卫焕,御林军统带。,other
《风雷震九州》,贺兰明,御林军副统领之一，风从龙的师弟。,other
《风雷震九州》,李大进,御林军队长。,other
《风雷震九州》,褚蒙,御林军副统领之一。,other
《风雷震九州》,风从龙,大内一等侍卫，叶少奇的护院。,other
《风雷震九州》,杨芃,杨钲之子，上官纨的表妹。,other
《风雷震九州》,杨钲,竺尚父的襟弟。,other
《风雷震九州》,李大典,御林军副统领。,other
《风雷震九州》,蒙永平,风从龙派到青城派的卧底，韩隐樵之徒。,other
《风雷震九州》,丁固,九门提督的暗探，原震远镖局老镖头。,other
《风雷震九州》,桑布巴,西藏红教高手。,other
《风雷震九州》,归古愚,“雄霸关中”，关中土霸，归徳堡堡主。,other
《风雷震九州》,秦柱尊,“黑煞神”，归古愚的护院。,other
《风雷震九州》,周鼎,“大力神”，归古愚的护院。,other
《风雷震九州》,归少灵,归古愚之子。,other
《风雷震九州》,娄人杰,万平野的大护院。,other
《风雷震九州》,欧阳伯和,武林魔头。,other
《风雷震九州》,欧阳大娘,欧阳伯和之妻。,other
《风雷震九州》,秦永浩,潜伏在义军的奸细，蒙永平的师弟。,other
《风雷震九州》,四、提到人物,,other
《风雷震九州》,龚定盦,江南才子。,other
《风雷震九州》,凌未风,塞外大侠。,other
《风雷震九州》,吕四娘,“江湖三女侠”之一，氓山派祖师，独臂神尼的关门弟子。,other
《风雷震九州》,金世遗,上一代武林第一高手，毒龙尊者之徒。,other
《风雷震九州》,萧青峰,青城派弟子。,other
《风雷震九州》,杨仲英,“铁掌神弹”，北五省武林领袖。,other
《风雷震九州》,邹锡九,江南的岳父，杨仲英的女婿。,other
《风雷震九州》,曹锦儿,氓山派前两辈掌门。,other
《风雷震九州》,万妙真人,白涛道人之师。,other
《风雷震九州》,张廷举,天理会教主。,other
《风雷震九州》,郭泗湖,,other
《风雷震九州》,侯国龙,,other
《风雷震九州》,徐天德,,other
《风雷震九州》,张汉潮,张士龙的堂兄弟。,other
《风雷震九州》,张天伦,,other
《风雷震九州》,聂人杰,天理教舵主，河南拳民。,other
《风雷震九州》,丘玉,天理教舵主。,other
《风雷震九州》,甘宗华,雷震子的大弟子，萧志远的姐夫。,other
《风雷震九州》,萧志宏,大悲禅师之徒。,other
《风雷震九州》,甘朝华,甘宗华之妹。,other
《风雷震九州》,唐努珠穆,马萨尔国国王，叶冲霄之弟。,other
《风雷震九州》,叶冲霄,马萨尔国大国子。,other
《风雷震九州》,欧阳婉,叶冲霄之妻，欧阳仲和之女。,other
《风雷震九州》,宝象禅师,,other
《风雷震九州》,谷之华,谷中莲的义母。,other
《风雷震九州》,毒龙尊者,,other
《风雷震九州》,杨亮宗,丐帮德州舵主。,other
《风雷震九州》,梁少英,“赛灵猿”。,other
《风雷震九州》,罗绮纨,李文成之妻。,other
《风雷震九州》,华天风,华山医隐。,other
《风雷震九州》,宇文朗,北京震远镖局的镖师，云召的大弟子。,other
《风雷震九州》,云召,水云庄庄主，武林名宿。,other
《风雷震九州》,云琼,云召之子。,other
《风雷震九州》,云璧,云召之女，云琼之妹，唐努珠穆之妻。,other
《风雷震九州》,翼仲牟,丐帮长老，原南丐帮帮主。,other
《风雷震九州》,高天行,丐帮副帮主。,other
《风雷震九州》,甘凤池,“江南七侠”之一。,other
《风雷震九州》,乌天朗,崆峒派长老。,other
《风雷震九州》,朴鼎查,大内总管。,other
《风雷震九州》,萨福鼎,大内总管，御林军统领。,other
《风雷震九州》,华云碧,华天风之女，云琼之妻。,other
《风雷震九州》,赞密大师,西藏密宗高手。,other
《风雷震九州》,独臂神尼,氓山派开山祖师。,other
《风雷震九州》,崔云亮,青城派反清义士。,other
《风雷震九州》,了因,原“江南八侠”之首，独臂神尼的大弟子。,other
《风雷震九州》,冯瑛,“江湖三女侠”之一，唐晓澜之妻。,other
《风雷震九州》,冯琳,“江湖三女侠”之一，冯瑛之妹。,other
《风雷震九州》,唐晓澜,天下第一高手，天山派上一代掌门。,other
《风雷震九州》,唐经天,“武林四大剑学名家”之一，天山派掌门，唐晓澜之子。,other
《风雷震九州》,韩隐樵,辛隐农的师弟。,other
《风雷震九州》,孟神通,大魔头。,other
《风雷震九州》,金光上人,峨嵋派前辈武学大师。,other
《风雷震九州》,乔北溟,一代武学宗师。,other
《风雷震九州》,厉胜男,乔北溟的隔世弟子。,other
《风雷震九州》,香妃,回族美人。,other
《风雷震九州》,沙天柱,原震远镖局老镖头，宇文朗之友。,other
《风雷震九州》,阎进喜,清宫太监，天理教叛徒。,other
《风雷震九州》,刘全,清宫太监，天理教教徒。,other
《风雷震九州》,旻宁,皇太子，后来的道光帝。,other
《风雷震九州》,万平野,“威镇河北”，万家庄庄主。,other
《风雷震九州》,欧阳仲和,武林魔头，欧阳伯和之弟。,other
《风雷震九州》,欧阳季和,武林魔头，欧阳伯和、欧阳仲和之弟。,other
《风雷震九州》,文廷璧,清廷第一高手。,other
《风雷震九州》,文道庄,文廷璧之侄。,other
《风雷震九州》,白泰官,,other
《牧野流星》,孟华,孟元超与云紫萝之子，后成为天山派记名弟子。,main
《牧野流星》,金碧漪,金逐流之女，金碧峰之妹。,main
《牧野流星》,丹丘生,“崆峒双秀”之一，洞妙真人之徒，孟华的三师父，后成为崆峒派掌门。,main
《牧野流星》,罗曼娜,哈萨克族第一美人，罗海之女，后成为桑达儿之妻。,main
《牧野流星》,桑达儿,哈萨克族瓦纳部落第一勇士，神箭手。,main
《牧野流星》,冷冰儿,青城派第三代女弟子，冷铁樵的侄女，萧志远的师侄，后成为唐加源夫人之徒。,main
《牧野流星》,孟元超,“天下第一快刀高手”，小金川义军领袖。,other
《牧野流星》,段仇世,“点苍双煞”之一，卜天雕的师弟，孟华的二师父。,other
《牧野流星》,金逐流,“天下第一剑客”，金世遗之子。,other
《牧野流星》,缪长风,杨炎的义父，孟元超之友，云紫萝的知己。,other
《牧野流星》,冷铁樵,柴达木（小金川）义军首领。,other
《牧野流星》,萧志远,柴达木（小金川）义军副首领。,other
《牧野流星》,贺铁柱,小金川猎人。,other
《牧野流星》,唐经天,天山派掌门。,other
《牧野流星》,杨大姑,“辣手观音”，杨牧之姐。,other
《牧野流星》,宋腾霄,剑术名家，孟元超的好友。,other
《牧野流星》,崔宝山,清军统帅。,other
《牧野流星》,雷震子,武当派前任掌门。,other
《牧野流星》,韩威武,北京震远镖局总镖头。,other
《牧野流星》,石建章,北京震远镖局副总镖头。,other
《牧野流星》,孔雀明王,白教法王。,other
《牧野流星》,沙玛法师,白教喇嘛寺主持。,other
《牧野流星》,金碧峰,金逐流之子，江海天之徒。,other
《牧野流星》,江上云,江海天的次子，金逐流之徒。,other
《牧野流星》,尉迟炯,天下第二快刀高手，关东大侠。,other
《牧野流星》,祈圣因,“千手观音”，天下第一暗器高手，尉迟炯之妻。,other
《牧野流星》,吕思美,宋腾霄之妻，孟元超的师妹。,other
《牧野流星》,邓明珠,邓翔之女，丁兆鸣的师侄。,other
《牧野流星》,白山和尚,古月禅师之徒。,other
《牧野流星》,钟展,天山派四大长老之首，唐晓澜之徒。,other
《牧野流星》,张逍遥,“快活张”，天下第一神偷，姬晓风之徒。,other
《牧野流星》,弄赞法师（弥罗觉苏）,广惠法师，布达拉宫首席护法大喇嘛。,other
《牧野流星》,老吉里,西藏小牧场场主。,other
《牧野流星》,小吉里,老吉里之子。,other
《牧野流星》,嘉卫锡,弄赞法师之徒。,other
《牧野流星》,丁兆鸣,天山派四大弟子之末，钟展之徒。,other
《牧野流星》,石天行,天山派四大弟子之一，钟展之徒。,other
《牧野流星》,甘维武,天山派四大弟子之一，唐经天之徒。,other
《牧野流星》,白健城,天山派四大弟子之一，唐经天之徒。,other
《牧野流星》,罗曼娜,哈萨克族第一美女，罗海之女，后成为桑达儿之妻。,other
《牧野流星》,罗海,哈萨克族瓦纳部落族长，神箭手，后成为哈萨克族酋长。,other
《牧野流星》,桑达儿,哈萨克族瓦纳部落第一勇士，神箭手。,other
《牧野流星》,唐加源,唐经天之妻。,other
《牧野流星》,洞真子,崆峒派掌门，洞妙真人的师弟。,other
《牧野流星》,苏合,天狼部老军官，后成为酋长。,other
《牧野流星》,杨炎,云紫萝和杨牧之子，唐经天的关门弟子。,other
《牧野流星》,祝建明,天山派第三代大弟子。,other
《牧野流星》,郝建新,天山派第三代弟子，祝建明的师弟。,other
《牧野流星》,霍英扬,“天山三英”之一，天山派第二代弟子。,other
《牧野流星》,白英奇,“天山三英”之一，天山派第二代弟子，武成泰的大弟子。,other
《牧野流星》,韩英华,“天山三英”之一，天山派第二代弟子。,other
《牧野流星》,武成泰,天山派四大长老之一。,other
《牧野流星》,甘建康,天山派四大长老之一。,other
《牧野流星》,李信尧,天山派四大长老之一。,other
《牧野流星》,大吉,奢罗之徒。,other
《牧野流星》,优昙,天竺二神僧之一，龙叶上人之徒，烂陀寺主持。,other
《牧野流星》,奢罗,天竺二神僧之一，龙叶上人之徒，优昙的师弟。,other
《牧野流星》,尊胜禅师,少林寺四大弟子之一，十八罗汉之首。,other
《牧野流星》,道显禅师,少林寺四大弟子之一。,other
《牧野流星》,大石道人,洞冥子的大弟子。,other
《牧野流星》,玉虚子,崆峒派长老。,other
《牧野流星》,叶隐樵,天下第一神医。,other
《牧野流星》,大谷道人,洞玄子的大弟子。,other
《牧野流星》,大松道人,洞冥子的二弟子。,other
《牧野流星》,赵一武,沧州老拳师。,other
《牧野流星》,焦蛟,“黄河五鬼”中的老三。,other
《牧野流星》,牟丽珠,武林第一美女，牟一行之女。,other
《牧野流星》,赵烈,赵一武之子。,other
《牧野流星》,仲毋庸,仲长统之子。,other
《牧野流星》,宣羽赞,丐帮长老，仲长统的大弟子。,other
《牧野流星》,乌里赛,车居族王子，第一摔角好手，迦密之徒。,other
《牧野流星》,碧儿,韩紫烟的贴身丫环。,other
《牧野流星》,崔一伦,清军第一神箭手，崔宝山的亲兵队长，崔宝山之侄。,other
《牧野流星》,迦象,天竺烂陀寺高手。,other
《牧野流星》,三，反派人物,,other
《牧野流星》,杨牧,名武师。,other
《牧野流星》,阳继孟,孟神通的徒孙。,other
《牧野流星》,洞玄子,俗家名何源，崆峒派长老，洞妙真人，洞真子的师弟。,other
《牧野流星》,欧阳业,御林军副统领，欧阳坚之子，北宫望的师侄。,other
《牧野流星》,段剑青,段仇世之侄，后成为欧阳冲、武成泰、迦密之徒。,other
《牧野流星》,盘石生,阳继孟的大弟子。,other
《牧野流星》,洞冥子,崆峒派剑术第一高手，崆峒派长老，洞妙真人、洞真子、洞玄子的师弟。,other
《牧野流星》,金光斗,大理定边将军府文案。,other
《牧野流星》,李大勇,大理定边将军府都头，御林军军官。,other
《牧野流星》,全大福,崔宝山帐下“五官”之一，五虎断门刀的叛徒。,other
《牧野流星》,邓中艾,崔宝山帐下“五官”之首，武林第一点穴高手，御林军军官。,other
《牧野流星》,混元子,崔宝山帐下“五道”之首，“天罡剑客”，雷震子之徒。,other
《牧野流星》,天泰上人,崔宝山帐下“五僧”之首。,other
《牧野流星》,马崑,御林军副统领。,other
《牧野流星》,周灿,御林军高级军官。,other
《牧野流星》,闵成龙,杨牧的大弟子，原震远镖局镖师。,other
《牧野流星》,尚铁宏,铁琵琶门的衣钵传人，尚和阳的后代，海兰察的结拜兄弟。,other
《牧野流星》,海兰察,关外第一高手，御林军统领。,other
《牧野流星》,刘挺之,大内三大高手之末。,other
《牧野流星》,叶谷浑,大内三大高手之一，劳超伯的师弟，远关东马贼。,other
《牧野流星》,劳超伯,北派大摔碑掌门人。,other
《牧野流星》,吉鸿,法号鉴全，少林寺叛徒。,other
《牧野流星》,江布,黎贡草原最大的牧场场主，藏东首富。,other
《牧野流星》,丁兆栋,萨福鼎手下护卫队长。,other
《牧野流星》,赵廷禄,拉萨宣扶抚使。,other
《牧野流星》,卫托平,大内三大高手之首，赵廷禄手下参赞武官。,other
《牧野流星》,藏纳,江布的亲信。,other
《牧野流星》,黎里,江布的亲信。,other
《牧野流星》,昂错,江布的牧场总管。,other
《牧野流星》,释湛,西藏密宗高手。,other
《牧野流星》,释陀（释空）,西藏密宗高手。,other
《牧野流星》,欧阳冲,欧阳业之兄。,other
《牧野流星》,唐世杰,川西唐家子弟。,other
《牧野流星》,辛七娘,“毒手观音”，韩紫烟的师姐。,other
《牧野流星》,龙木公,“天南剑霸”，海南五指山邪派魔头。,other
《牧野流星》,韩紫烟,天下第一使毒高手，崔宝山之妻，洞玄子的情妇，原牟一行之妻，牟丽珠的后母。,other
《牧野流星》,褚兆,清军炮手。,other
《牧野流星》,朱角,“梅山二怪”中的老大。,other
《牧野流星》,鹿洪,“梅山二怪”中的老二。,other
《牧野流星》,大浮法师,奢罗之徒。,other
《牧野流星》,迦密,迦象的师弟。,other
《牧野流星》,孙道行,沧州大圣门高手，崔宝山的心腹卫士。,other
《牧野流星》,张火生,独脚大盗，剑术名家，崔宝山的心腹卫士。,other
《牧野流星》,诸青崖,御林军副统领。,other
《牧野流星》,四、提到人物,,other
《牧野流星》,云紫萝,孟元超的少年情侣，原杨牧之妻。,other
《牧野流星》,卜天雕,“点苍双煞”之一，孟华的大师父。,other
《牧野流星》,张丹枫,明代天下第一剑客，一代武学宗师，天山派始祖，张士诚的后人。,other
《牧野流星》,孟神通,天下第一大魔头，邪派第一高手。,other
《牧野流星》,金世遗,天下第一剑客，前辈武学大师。,other
《牧野流星》,厉胜男,,other
《牧野流星》,凌虚子,崆峒派掌门，洞玄子的师兄。,other
《牧野流星》,北宫望,清廷第一高手，前御林军统领。,other
《牧野流星》,唐晓澜,天山派老掌门。,other
《牧野流星》,云蕾,张丹枫之妻。,other
《牧野流星》,霍天都,天山派祖师，张丹枫的掌门弟子。,other
《牧野流星》,刘抗,,other
《牧野流星》,武庄,刘抗之妻。,other
《牧野流星》,林无双,孟元超之妻，原扶桑派掌门。,other
《牧野流星》,石卫,扶桑派掌门，林无双的师兄。,other
《牧野流星》,铁镜心,明代著名剑客。,other
《牧野流星》,沐燕,前明黔国公沐府郡主，铁镜心之妻。,other
《牧野流星》,沐璘,大理段家的女婿，沐燕之弟。,other
《牧野流星》,萧青峰,青城派名宿。,other
《牧野流星》,程新彦,,other
《牧野流星》,武端,,other
《牧野流星》,西门灼,御林军官。,other
《牧野流星》,黄石道人,青松观前任主持，雷震子的师弟。,other
《牧野流星》,尚和阳,明代武林高手，铁琵琶门创始人。,other
《牧野流星》,大悲禅师,少林寺方丈。,other
《牧野流星》,厉南星,红缨会总舵主，剑术名家。,other
《牧野流星》,萨福鼎,大内总管。,other
《牧野流星》,江海天,金世遗之徒，金逐流的师兄。,other
《牧野流星》,叶慕华,川西义军领袖，江海天的掌门大弟子。,other
《牧野流星》,李光夏,天地会副舵主，江海天的三弟子。,other
《牧野流星》,江上风,江海天的长子。,other
《牧野流星》,谷中莲,氓山派掌门，江海天之妻。,other
《牧野流星》,史红英,金逐流之妻。,other
《牧野流星》,乔北溟,明代天下第一大魔头。,other
《牧野流星》,邓翔,福州龙翔镖局老镖头，南五省镖行领袖。,other
《牧野流星》,古月禅师,敦煌千佛寺主持。,other
《牧野流星》,痛禅上人,少林寺方丈。,other
《牧野流星》,劳天护,崆峒派掌门。,other
《牧野流星》,李麻子,天下第二神偷。,other
《牧野流星》,连甘霖,山西点穴名家。,other
《牧野流星》,姬晓风,天下第一神偷，孟神通之徒。,other
《牧野流星》,兆惠,征西大将军。,other
《牧野流星》,香妃,回族美人。,other
《牧野流星》,小茉莉,哈萨克族瓦纳部落姑娘。,other
《牧野流星》,欧阳坚,大魔头。,other
《牧野流星》,仲长统,北丐帮帮主。,other
《牧野流星》,提摩达多,阿拉伯第一高手。,other
《牧野流星》,龙叶上人,天竺武学大宗师，烂陀寺方丈。,other
《牧野流星》,桂华生,峨嵋剑客。,other
《牧野流星》,华玉,尼泊尔公主，桂华生之妻。,other
《牧野流星》,冰川天女,桂华生之女，唐经天之妻。,other
《牧野流星》,连城壁,“连家双杰”之一。,other
《牧野流星》,连城王,“连家双杰”之一，连城壁的孪生兄弟。,other
《牧野流星》,洞妙真人,前崆峒派掌门，玉鼎真人之徒。,other
《牧野流星》,何洛,“崆峒双秀”之一，洞玄子之子。,other
《牧野流星》,牟一行,中州大侠，武林首富，竺尚父的八拜之交。,other
《牧野流星》,凤一飞,西安西风镖局总镖头。,other
《牧野流星》,吕四娘,前辈女侠。,other
《牧野流星》,大野道人,洞冥子之徒。,other
《牧野流星》,刘妈,牟丽珠生母的奶娘。,other
《牧野流星》,竺尚父,祁连山义军首领。,other
《牧野流星》,郝大志,洞冥子的俗家弟子。,other
《牧野流星》,玉鼎真人,洞妙真人之师。,other
《牧野流星》,翼仲牟,南丐帮帮主。,other
《牧野流星》,管羽延,丐帮帮主，仲长统的二弟子。,other
《牧野流星》,吴三桂,平西王。,other
《牧野流星》,尚可喜,平南王。,other
《牧野流星》,耿仲明,靖南王。,other
《牧野流星》,大严道人,洞真子的大弟子。,other
《弹指惊雷》,杨炎,云紫萝与杨牧之子，唐经天的关门弟子，龙则灵之徒，缪长风的义子。,main
《弹指惊雷》,齐世杰,杨大姑之子，齐建业之孙，后成为迦象之徒。,main
《弹指惊雷》,冷冰儿,冷铁樵的侄女，唐加源夫人之徒。,main
《弹指惊雷》,龙灵珠,展灵鲲之女，龙则灵的外孙女。,main
《弹指惊雷》,杨大姑,“辣手观音”，齐世杰之母。,main
《弹指惊雷》,孟华,天下数一数二的剑客，天山派的记名弟子，孟元超与云紫萝之女。,main
《弹指惊雷》,尉迟炯,天下第二快刀，关东大侠。,other
《弹指惊雷》,祈圣因,“千手观音”，尉迟炯之妻。,other
《弹指惊雷》,窦健刚,中原武学世家之后。,other
《弹指惊雷》,缪长风,杨炎的养父。,other
《弹指惊雷》,罗海,哈萨克族格老。,other
《弹指惊雷》,罗曼娜,罗海之女，桑达儿之妻。,other
《弹指惊雷》,孟元超,天下第一快刀，柴达木义军头领。,other
《弹指惊雷》,迦象,烂陀寺高僧。,other
《弹指惊雷》,桑达儿,,other
《弹指惊雷》,石天行,天山派四大弟子之首，钟展的大弟子。,other
《弹指惊雷》,丁兆鸣,天山派四大弟子之一，钟展之徒。,other
《弹指惊雷》,甘武维,天山派四大弟子之一，钟展的二弟子。,other
《弹指惊雷》,凯莎,罗曼娜之友。,other
《弹指惊雷》,凯石,凯莎之弟，桑达儿之徒。,other
《弹指惊雷》,辽沙,罗海的侍卫长。,other
《弹指惊雷》,麦罕,草原著名高手。,other
《弹指惊雷》,宋鹏举,震远镖局的镖师，杨牧的五弟子。,other
《弹指惊雷》,胡联奎,震远镖局的镖师，杨牧的六弟子。,other
《弹指惊雷》,邵鹤年,义军重要人物。,other
《弹指惊雷》,刘抗,义军重要人物。,other
《弹指惊雷》,方亮,柴达木义军头目，杨牧的三弟子。,other
《弹指惊雷》,范魁,柴达木义军头目，杨牧的四弟子。,other
《弹指惊雷》,罗雨峰,保定名武师，岳毫的姨丈。,other
《弹指惊雷》,罗碧霞,罗雨峰之女，岳豪的表妹。,other
《弹指惊雷》,岳宏,岳豪之子。,other
《弹指惊雷》,李海,岳毫家的仆人。,other
《弹指惊雷》,韩天寿,保定丐帮内三堂香主之一。,other
《弹指惊雷》,江上云,江海天的次子，金逐流之徒。,other
《弹指惊雷》,李务实,钟展之徒。,other
《弹指惊雷》,陆敢当,石天行之徒。,other
《弹指惊雷》,劳福庇,洞真子之徒。,other
《弹指惊雷》,劳福荫,洞真子之徒，劳福庇的孪生兄弟。,other
《弹指惊雷》,穆志遥,穆扬波的三子。,other
《弹指惊雷》,穆扬波,蓬莱剑客，北五省武林领袖。,other
《弹指惊雷》,萧逸客,祁连剑客，展灵鲲之友。,other
《弹指惊雷》,宋腾霄,云紫萝之友。,other
《弹指惊雷》,思美,宋腾啸之妻。,other
《弹指惊雷》,三，反派人物,,other
《弹指惊雷》,杨牧,保定名武师，大内卫士，杨大姑之弟。,other
《弹指惊雷》,连甘沛,河北连家子弟。,other
《弹指惊雷》,释陀,西藏密宗高手。,other
《弹指惊雷》,释湛,西藏密宗高手，释陀的师弟。,other
《弹指惊雷》,段剑青,段仇世之侄，迦密、欧阳冲之徒。,other
《弹指惊雷》,石清泉,石天行之子。,other
《弹指惊雷》,大吉,奢罗的大弟子。,other
《弹指惊雷》,欧阳承,欧阳继的堂弟。,other
《弹指惊雷》,欧阳继,欧阳承的堂兄。,other
《弹指惊雷》,郑雄图,独脚大盗。,other
《弹指惊雷》,岳豪,保定豪绅，杨牧的二弟子。,other
《弹指惊雷》,刘昆,保定衙门总捕头，罗雨峰之徒。,other
《弹指惊雷》,马犇,“云中双煞”中的老大，白驼山的贩毒头子。,other
《弹指惊雷》,田耕,“云中双煞”中的老二，白驼山的贩毒头子。,other
《弹指惊雷》,彭大遒,“金眼神雕”，二等大内侍卫，陕甘道上的土霸。,other
《弹指惊雷》,司空照,宇文博之徒。,other
《弹指惊雷》,慕容垂,宇文博之徒，司空照的师弟。,other
《弹指惊雷》,杜诚,江湖二流角色。,other
《弹指惊雷》,宇文雷,宇文博之侄。,other
《弹指惊雷》,四、提到人物,,other
《弹指惊雷》,齐建业,“四海神龙”，北五省顶尖的武林高手。,other
《弹指惊雷》,云紫萝,杨牧之妻，孟元超的情侣。,other
《弹指惊雷》,段仇世,大理武学名家。,other
《弹指惊雷》,冷铁樵,柴达木义军首领。,other
《弹指惊雷》,唐经天,天山派掌门。,other
《弹指惊雷》,桂华生,“天山七剑”之一，武当派弟子。,other
《弹指惊雷》,凌未风,天山派掌门。,other
《弹指惊雷》,华玉,尼泊尔公主，桂华生之妻。,other
《弹指惊雷》,桂冰娥,“冰川天女”，桂华生之女，唐经天之妻。,other
《弹指惊雷》,嘉错法师,西藏密宗护法长老。,other
《弹指惊雷》,金逐流,天下第一剑客，金世遗之子。,other
《弹指惊雷》,无住禅师,少林寺主持。,other
《弹指惊雷》,卫托平,大内高手。,other
《弹指惊雷》,迦密,迦象的师弟。,other
《弹指惊雷》,韩紫烟,天下第一使毒高手。,other
《弹指惊雷》,龙叶上人,武学大师，迦象的师祖。,other
《弹指惊雷》,唐嘉源,天山派掌门，唐经天之子。,other
《弹指惊雷》,金碧漪,金逐流之女，孟华之妻。,other
《弹指惊雷》,白健城,天山派四大弟子之一，钟展的大弟子。,other
《弹指惊雷》,钟展,天山派长老，唐经天的师兄。,other
《弹指惊雷》,欧阳冲,欧阳承的伯父。,other
《弹指惊雷》,金世遗,,other
《弹指惊雷》,江海天,天下第一高手，金世遗的大弟子。,other
《弹指惊雷》,欧阳伯和,欧阳冲的祖父。,other
《弹指惊雷》,奢罗,天竺两的神僧之一，优昙的师弟。,other
《弹指惊雷》,优昙,烂陀寺首席神僧。,other
《弹指惊雷》,闵成龙,杨牧的大弟子，原震远镖局副总镖头。,other
《弹指惊雷》,龙则灵,大吉岭灵鹫峰上的武林异人，龙灵矫之孙。,other
《弹指惊雷》,年羹尧,清朝名将。,other
《弹指惊雷》,丹丘生,崆峒派掌门，孟华的三师父。,other
《弹指惊雷》,刘二,佃户。,other
《弹指惊雷》,史白都,大魔头。,other
《弹指惊雷》,史红英,金逐流之妻，史白都之妹。,other
《弹指惊雷》,解洪,柴达木义军头目。,other
《弹指惊雷》,独臂神尼,氓山派创派祖师。,other
《弹指惊雷》,吕四娘,著名女侠。,other
《弹指惊雷》,洞真子,崆峒派前任掌门。,other
《弹指惊雷》,洞冥子,洞真子的师弟。,other
《弹指惊雷》,洞妙真人,丹丘生之师。,other
《弹指惊雷》,雷霆,浙西武林前辈，义乌黑石庄庄主。,other
《弹指惊雷》,展南冥,“玉面龙王”。,other
《弹指惊雷》,展灵鲲,“玉龙太子”，展南冥之子，龙则灵的女婿。,other
《弹指惊雷》,宇文博,白驼山主。,other
《弹指惊雷》,允帧,雍正皇帝，康熙第四子。,other
《弹指惊雷》,允提,康熙第十四子。,other
《弹指惊雷》,科隆多,允帧的母舅。,other
《弹指惊雷》,吕留良,吕四娘之父。,other
《弹指惊雷》,龙灵矫,年羹尧之子。,other
《弹指惊雷》,欧阳业,欧阳伯和之子。,other
《弹指惊雷》,快活张,孟元超之友。,other
《弹指惊雷》,杨鹤亭,杨牧一门的始祖。,other
《绝塞传烽录》,杨炎,云紫萝与杨牧之子，唐经天的关门弟子，龙则灵之徒，缪长风的义子。,main
《绝塞传烽录》,齐世杰,杨大姑之子，迦象之徒。,main
《绝塞传烽录》,冷冰儿,冷铁樵的侄女，唐嘉源夫人之徒。,main
《绝塞传烽录》,龙灵珠,展灵鲲之女，龙则灵的外孙女。,main
《绝塞传烽录》,杨大姑,“辣手观音”，齐世杰之母。,other
《绝塞传烽录》,杨牧,保定名武师，一等大内侍卫，杨大姑之弟。,other
《绝塞传烽录》,韩威武,震远镖局总镖头，韩巨源之子。,other
《绝塞传烽录》,宋鹏举,震远镖局镖师，杨牧之徒。,other
《绝塞传烽录》,胡联奎,震远镖局镖师，杨牧之徒。,other
《绝塞传烽录》,沐天澜,震远镖局副总镖头，韩威武的女婿。,other
《绝塞传烽录》,李麻子,天下第二神偷，震远镖局的管事。,other
《绝塞传烽录》,张逍遥,“快活张”，天下第一神偷。,other
《绝塞传烽录》,闵腾蛟,闵成龙之子。,other
《绝塞传烽录》,方亮,杨牧的三弟子，解洪的助手。,other
《绝塞传烽录》,范魁,杨牧之徒，解洪的助手。,other
《绝塞传烽录》,解洪,柴达木义军头目。,other
《绝塞传烽录》,缪长风,杨炎的义父。,other
《绝塞传烽录》,孟元超,天下第一快刀，柴达木义军首领。,other
《绝塞传烽录》,皇甫嵩,北京丐帮分舵香主，少林派弟子。,other
《绝塞传烽录》,司马玄,北京丐帮分舵香主。,other
《绝塞传烽录》,支剑峰,北京丐帮分舵舵主。,other
《绝塞传烽录》,孟华,天山派记名弟子，丹丘生、段仇世之徒，孟元超与云紫萝之子。,other
《绝塞传烽录》,丹丘生,崆峒派掌门。,other
《绝塞传烽录》,胡中源,震远镖局老镖师。,other
《绝塞传烽录》,崔明伦,震远镖局老镖师。,other
《绝塞传烽录》,崔立诚,扬威镖局总镖头。,other
《绝塞传烽录》,戴京,戴湛之子，崔立诚的义子，后成为震远镖局总镖头。,other
《绝塞传烽录》,马天华,飞马镖局总镖头。,other
《绝塞传烽录》,江上云,江海天的次子。,other
《绝塞传烽录》,陆敢当,石天行的大弟子。,other
《绝塞传烽录》,丁兆鸣,天山派四大弟子之一。,other
《绝塞传烽录》,罗海,回疆各部落总格老。,other
《绝塞传烽录》,罗曼娜,回疆第一美人，罗海之女，桑达儿之妻。,other
《绝塞传烽录》,桑达儿,哈萨克族神箭手。,other
《绝塞传烽录》,唐嘉源,天山派掌门，唐经天之子。,other
《绝塞传烽录》,沙辽,罗海的侍卫队长。,other
《绝塞传烽录》,凯石,罗海的副侍卫队长。,other
《绝塞传烽录》,甘武维,天山派四大弟子之一。,other
《绝塞传烽录》,雷震子,武当派掌门。,other
《绝塞传烽录》,萧青峰,青城派长老。,other
《绝塞传烽录》,无碍大师,少林寺达摩院长老。,other
《绝塞传烽录》,钟展,天山派长老，唐经天的师兄。,other
《绝塞传烽录》,白坚城,天山派四大弟子之一。,other
《绝塞传烽录》,白英奇,“天山三英”之一，天山派第三代弟子之首，白坚城之侄。,other
《绝塞传烽录》,霍英扬,“天山三英”之一，天山派第三代弟子之一。,other
《绝塞传烽录》,韩英华,“天山三英”之一，天山派第三代弟子之一。,other
《绝塞传烽录》,龙则灵,年羹尧的后人。,other
《绝塞传烽录》,姬追风,天山派弟子。,other
《绝塞传烽录》,华静宇,天山派弟子。,other
《绝塞传烽录》,邵鹤年,柴达木义军头领。,other
《绝塞传烽录》,骆宏,清军旗牌官，丁兆庸的亲信。,other
《绝塞传烽录》,于万山,丁兆庸的亲兵副队长。,other
《绝塞传烽录》,三，反派人物,,other
《绝塞传烽录》,闵成龙,御林军军官，杨牧的大弟子，原震远镖局副总镖头。,other
《绝塞传烽录》,宇文博,白驼山主，当世第一大魔头。,other
《绝塞传烽录》,宇文雷,宇文博之侄。,other
《绝塞传烽录》,乌苏台,大内总管。,other
《绝塞传烽录》,卫长青,大内副总管。,other
《绝塞传烽录》,鲁弘,御林军军官。,other
《绝塞传烽录》,周霸,大内侍卫。,other
《绝塞传烽录》,石天行,天山派四大弟子之首，天山派长老，钟展的大弟子。,other
《绝塞传烽录》,司空照,宇文博之徒。,other
《绝塞传烽录》,慕容垂,宇文博之徒。,other
《绝塞传烽录》,石清泉,石天行之子。,other
《绝塞传烽录》,穆欣欣,宇文博的妾侍，尔朱荣的情妇。,other
《绝塞传烽录》,段剑青,段仇世之侄，钟展的关门弟子。,other
《绝塞传烽录》,武毅,仲毋庸之徒，丁兆庸手下副将。,other
《绝塞传烽录》,应魁元,武毅之徒。,other
《绝塞传烽录》,尔朱荣,奢罗之徒。,other
《绝塞传烽录》,丁兆庸,抚远大将军，陕甘总督。,other
《绝塞传烽录》,贺铸,大内一等卫士，剑术高手。,other
《绝塞传烽录》,陶炼,大内一等卫士，剑术高手。,other
《绝塞传烽录》,成天德,丁兆庸的亲兵队长。,other
《绝塞传烽录》,卫托平,大内第一高手。,other
《绝塞传烽录》,司马铁,白驼山副山主，宇文博的师弟。,other
《绝塞传烽录》,四、提到人物,,other
《绝塞传烽录》,戴均,震远镖局创办人之一。,other
《绝塞传烽录》,韩巨源,震远镖局创办人之一。,other
《绝塞传烽录》,北宫望,前任御林军统领。,other
《绝塞传烽录》,尉迟炯,关东大侠。,other
《绝塞传烽录》,郑雄图,独脚大盗。,other
《绝塞传烽录》,宋腾霄,柴达木义军首领，孟元超、云紫萝之友。,other
《绝塞传烽录》,云紫萝,杨牧之妻。,other
《绝塞传烽录》,方豪,杨牧的二弟子。,other
《绝塞传烽录》,彭大遒,大内侍卫。,other
《绝塞传烽录》,年羹尧,,other
《绝塞传烽录》,萨天横,御林军军官。,other
《绝塞传烽录》,冷铁樵,柴达木义军正首领。,other
《绝塞传烽录》,萧志远,柴达木义军副首领，萧青峰之侄。,other
《绝塞传烽录》,萧逸客,祁连剑客。,other
《绝塞传烽录》,金逐流,天下第一剑客。,other
《绝塞传烽录》,戴湛,戴均之子。,other
《绝塞传烽录》,马犇,“云中双煞”之一，白驼山贩毒人员。,other
《绝塞传烽录》,田耕,“云中双煞”之一，白驼山贩毒人员。,other
《绝塞传烽录》,穆扬波,,other
《绝塞传烽录》,穆志遥,穆扬波之子。,other
《绝塞传烽录》,释湛,天竺高僧。,other
《绝塞传烽录》,萨福鼎,前任大内总管。,other
《绝塞传烽录》,唐经天,天山派前任掌门，唐晓澜之子。,other
《绝塞传烽录》,李务实,陆敢当的师叔。,other
《绝塞传烽录》,归元,榆林剑客，火云庄庄主。,other
《绝塞传烽录》,江海天,天下第一高手，当世威望最高的大侠，金世遗之徒。,other
《绝塞传烽录》,江上风,江海天的长子。,other
《绝塞传烽录》,金碧漪,金逐流之女，孟华之妻。,other
《绝塞传烽录》,金世遗,金逐流之父。,other
《绝塞传烽录》,优昙,天竺烂陀寺大法师。,other
《绝塞传烽录》,仲长统,南丐帮帮主。,other
《绝塞传烽录》,仲毋庸,仲长统之子。,other
《绝塞传烽录》,展灵鲲,“玉龙太子”，展南冥之子，龙则灵的女婿。,other
《绝塞传烽录》,展南冥,“玉面龙王”，东海大盗。,other
《绝塞传烽录》,奢罗,烂陀寺三大高僧之一。,other
《绝塞传烽录》,迦象,烂陀寺三大高僧之一。,other
《绝塞传烽录》,丁显武,清兵主帅，丁兆庸之子。,other
《绝塞传烽录》,孟神通,大魔头。,other
《绝塞传烽录》,慧心师太,冷冰儿之师。,other
《绝塞传烽录》,李光夏,,other
《幻剑灵旗》,卫天元,“飞天神龙”，卫承纲之子，齐燕然的徒孙。,main
《幻剑灵旗》,上官飞凤,上官云龙之女。,main
《幻剑灵旗》,楚天舒,楚劲松之子。,main
《幻剑灵旗》,齐漱玉,齐勒铭与庄英男之女。,main
《幻剑灵旗》,玉虚子,“武当五老”之末。,main
《幻剑灵旗》,姜雪君,洛阳第一美人，姜志奇之女，后成为玉清神尼之徒。,other
《幻剑灵旗》,齐勒铭,天下第一高手，齐燕然之子。,other
《幻剑灵旗》,穆娟娟,“穆氏双狐”中的“银狐”，穆好好之妹，齐勒铭之妻。,other
《幻剑灵旗》,申公达,“申公豹”，江湖“万事通”、“包打听”。,other
《幻剑灵旗》,庄英男,楚劲松之妻，齐勒铭的前妻。,other
《幻剑灵旗》,楚劲松,“南北两大名家”之一，扬州大侠，江南武林反清领袖之一。,other
《幻剑灵旗》,玉真子,“武当五老”之首，玉顶真人的师弟。,other
《幻剑灵旗》,玉玄子,“武当五老”排名第二。,other
《幻剑灵旗》,玉洞子,“武当五老”排名第四。,other
《幻剑灵旗》,冲灵,玉顶真人之徒。,other
《幻剑灵旗》,汤怀远,震远镖局总镖头。,other
《幻剑灵旗》,王大鹏,“鹰爪王”，震远镖局的镖头，独脚大盗。,other
《幻剑灵旗》,李力宏,“铁拐李”，黑道高手，宇文雷的手下。,other
《幻剑灵旗》,齐燕然,天下第一高手。,other
《幻剑灵旗》,天梧,华山派现任掌门，天权的师弟。,other
《幻剑灵旗》,天璇,华山派长老，天玑的师弟，齐勒铭、玉虚子之友。,other
《幻剑灵旗》,天策,华山派长老。,other
《幻剑灵旗》,天枢,华山派长老。,other
《幻剑灵旗》,瑶光,华山派长老，玉虚子的情侣。,other
《幻剑灵旗》,青鸾,瑶光之徒。,other
《幻剑灵旗》,涵谷,天权之徒。,other
《幻剑灵旗》,涵虚,天权之徒，涵谷的师弟。,other
《幻剑灵旗》,汤怀义,汤怀远之弟。,other
《幻剑灵旗》,上官云龙,西域十三家门派的宗主。,other
《幻剑灵旗》,剪千崖,“剪大先生”。,other
《幻剑灵旗》,剪一山,“剪二先生”，剪千崖的孪生弟弟。,other
《幻剑灵旗》,王殿英,八卦掌掌门，徐中岳之友。,other
《幻剑灵旗》,叶隐农,天下第一神医。,other
《幻剑灵旗》,唐希舜,唐天纵的次子。,other
《幻剑灵旗》,马如龙,飞马镖局的镖头。,other
《幻剑灵旗》,罗秉章,北京老拳师，剪千崖之友。,other
《幻剑灵旗》,孟中强,“昆仑四秀”之一，昆仑派第二代杰出弟子。,other
《幻剑灵旗》,凌玉燕,青城派弟子，孟中强的情侣。,other
《幻剑灵旗》,徐锦瑶,徐中岳之女。,other
《幻剑灵旗》,楚天虹,楚劲松之女，楚天舒之妹。,other
《幻剑灵旗》,公冶弘,上官云龙的属下。,other
《幻剑灵旗》,丁勃,齐燕然家的老仆。,other
《幻剑灵旗》,郭元宰,徐中岳之徒。,other
《幻剑灵旗》,西门霸,上官云龙的属下。,other
《幻剑灵旗》,东方雄,上官云龙的属下。,other
《幻剑灵旗》,谢国堂,洛阳名武师。,other
《幻剑灵旗》,铁力夫,洛阳名武师。,other
《幻剑灵旗》,申洪,上官云龙的手下。,other
《幻剑灵旗》,屠壮,上官云龙的手下。,other
《幻剑灵旗》,鲍令晖,鲍崇义之子，玉虚子之徒。,other
《幻剑灵旗》,敖错,呼儿盖牧场场主，西域十三家首领之一。,other
《幻剑灵旗》,阚骅,上官云龙的亲信。,other
《幻剑灵旗》,石龙,黑石山头领，西域十三家首领之一。,other
《幻剑灵旗》,小达子,日喀则藏族小孩。,other
《幻剑灵旗》,三，反派人物,,other
《幻剑灵旗》,徐中岳,中州大侠。,other
《幻剑灵旗》,宇文雷,白驼山主，宇文博之侄。,other
《幻剑灵旗》,宇文浩,宇文雷之子。,other
《幻剑灵旗》,穆好好,“穆氏双狐”中的“金狐”，宇文雷之妻。,other
《幻剑灵旗》,天玑,华山派长老，华山派第一剑术高手，天梧的师弟。,other
《幻剑灵旗》,穆志遥,御林军统领，剑术名家，穆扬波之子。,other
《幻剑灵旗》,梅清风,梅花拳掌门，徐中岳之友。,other
《幻剑灵旗》,印新磨,少林派俗家弟子，徐中岳之友。,other
《幻剑灵旗》,穆良驹,穆志遥的长子。,other
《幻剑灵旗》,慕容垂,宇文雷的师兄。,other
《幻剑灵旗》,司马都,崆峒派四大弟子之一。,other
《幻剑灵旗》,矛老六,,other
《幻剑灵旗》,诸老三,,other
《幻剑灵旗》,鲁廷方,大内卫士，御林军副统领。,other
《幻剑灵旗》,韩柱国,大内卫士。,other
《幻剑灵旗》,司空照,宇文雷的大师兄。,other
《幻剑灵旗》,秦兆阳,“秦岭三英”中的老大。,other
《幻剑灵旗》,骆宏,“秦岭三英”中的老二。,other
《幻剑灵旗》,卢志高,“秦岭三英”中的老三。,other
《幻剑灵旗》,盖天覆,上官云龙的义弟。,other
《幻剑灵旗》,叔梁纥,西域十三家首领之一。,other
《幻剑灵旗》,熊抱石,大熊山山主，西域十三家首领之一。,other
《幻剑灵旗》,南宫旭,白驼山护法，连城虎之徒。,other
《幻剑灵旗》,武鹰扬,白驼山护法。,other
《幻剑灵旗》,赵青眉,赵红眉之姐，徐中岳的情妇，穆欣欣之徒。,other
《幻剑灵旗》,麻赞哈,西域十三家首领之一。,other
《幻剑灵旗》,穆欣欣,宇文博的妾侍，宇文雷的情人，穆好好、穆娟娟的姑姑。,other
《幻剑灵旗》,四、提到人物,,other
《幻剑灵旗》,玉顶真人,“武当五老”之一，前武当派掌门。,other
《幻剑灵旗》,天权,老一辈的“天下三大剑客”之一，华山派前任掌门。,other
《幻剑灵旗》,金逐流,天下第一剑客，老一辈的“天下三大剑客”之一。,other
《幻剑灵旗》,痛禅上人,少林寺方丈。,other
《幻剑灵旗》,孟华,崆峒派掌门。,other
《幻剑灵旗》,杨炎,天山派掌门。,other
《幻剑灵旗》,唐经天,老一辈的“天下三大剑客”之一，天山派前任掌门。,other
《幻剑灵旗》,卫承纲,反清义士，义军首领，姜志奇的八拜之交。,other
《幻剑灵旗》,姜志奇（姜远庸）,“南北两大名家”之一，反清义士，楚劲松的师兄。,other
《幻剑灵旗》,姜志希,姜雪君之叔。,other
《幻剑灵旗》,唐天纵,四川唐家家长。,other
《幻剑灵旗》,唐希尧,唐天纵的长子。,other
《幻剑灵旗》,鲍崇义,洛阳名武师。,other
《幻剑灵旗》,游扬,崆峒派名宿。,other
《幻剑灵旗》,王渔洋,明末清初诗人。,other
《幻剑灵旗》,谢启昆,扬州知府。,other
《幻剑灵旗》,唐嘉源,天山派掌门。,other
《幻剑灵旗》,快活张,,other
《幻剑灵旗》,连城虎,连家笔掌门人。,other
《幻剑灵旗》,连城壁,连城虎的师弟。,other
《幻剑灵旗》,金世遗,天下第一高手。,other
《幻剑灵旗》,赵红眉,徐中岳的前妻。,other
《幻剑灵旗》,玉清神尼,,other
《幻剑灵旗》,穆扬波,江南七省武林领袖。,other
《幻剑灵旗》,宇文博,前任白驼山主。,other
